topic,case_id,story_id,url,domain,publish_date,media_name,title,source_outlet,source_url,link_category,private_org,person_name,public_org,contract_time,contract_amount,jurisdiction,evidence_verified,model,prompt_version,extracted_at
favoritism_ca,favoritism_ca:4259ca14ab7e79b8d04e6636da5064a3630eaf07967327a2312d170738d888d8:v7:00,4259ca14ab7e79b8d04e6636da5064a3630eaf07967327a2312d170738d888d8,https://nationalpost.com/news/top-official-defends-ottawas-procurement-practices-following-report-on-sole-sourced-contracts-to-california-it-giant,nationalpost.com,2021-04-28,nationalpost.com,Top official defends Ottawa's procurement practices following report on sole-sourced contracts to U.S. IT giant,nationalpost.com,https://nationalpost.com/news/top-official-defends-ottawas-procurement-practices-following-report-on-sole-sourced-contracts-to-california-it-giant,Favoritism,Cisco Technologies,Paul Glover,Shared Services Canada,2019-2021,$210 million,Ontario,0,nemotron-3-super,v7,2026-08-09T11:16:32.954085+00:00
favoritism_ca,favoritism_ca:94326f2763e2c9a630d26f3c4524b733b3c182cb9ecb19aa7ff434ca0038f955:v7:00,94326f2763e2c9a630d26f3c4524b733b3c182cb9ecb19aa7ff434ca0038f955,https://www.thestar.com/news/canada/2021/05/05/south-dundas-councillor-lobbies-for-own-project.html,www.thestar.com,2021-05-05,thestar.com,South Dundas councillor lobbies for own project,thestar.com,https://www.thestar.com/news/canada/2021/05/05/south-dundas-councillor-lobbies-for-own-project.html,Favoritism,Stefano Ferrante,Lloyd Wells,South Dundas council,2021,3000000,Ontario,0,nemotron-3-super,v7,2026-08-09T11:20:59.218782+00:00
favoritism_ca,favoritism_ca:6ca22e79439bae68825e2ba1b598a3891cab7c80e86c250e7e3b5ec8ae4a1373:v7:00,6ca22e79439bae68825e2ba1b598a3891cab7c80e86c250e7e3b5ec8ae4a1373,https://www.standard-freeholder.com/news/local-news/south-dundas-councillor-lobbies-for-his-own-project,www.standard-freeholder.com,2021-05-06,standard-freeholder.com,South Dundas councillor lobbies for his own project,standard-freeholder.com,https://www.standard-freeholder.com/news/local-news/south-dundas-councillor-lobbies-for-his-own-project,Favoritism,Stefano Ferrante,Lloyd Wells,South Dundas council,2021,3000000,Ontario,0,nemotron-3-super,v7,2026-08-09T11:20:59.218782+00:00
favoritism_ca,favoritism_ca:b931ab80a1c846d2e987f946981f83f23a1828cf7282de561fd05758fe4d3548:v7:00,b931ab80a1c846d2e987f946981f83f23a1828cf7282de561fd05758fe4d3548,https://www.brandonsun.com/national/breaking-news/house-of-commons-ethics-committee-to-issue-report-today-on-we-charity-affair-574601672.html,www.brandonsun.com,2021-06-10,brandonsun.com,Commons committee blasts Liberals over WE deal,brandonsun.com,https://www.brandonsun.com/national/breaking-news/house-of-commons-ethics-committee-to-issue-report-today-on-we-charity-affair-574601672.html,Favoritism,WE Charity,Bill Morneau,Government of Canada,2020,43.5 million,Ontario,0,nemotron-3-super,v7,2026-08-09T11:21:59.590624+00:00
favoritism_ca,favoritism_ca:581a45fec902c3f96679a5c195a760c4dc71a4467e85f7445af4a0013c313abd:v7:00,581a45fec902c3f96679a5c195a760c4dc71a4467e85f7445af4a0013c313abd,https://globalnews.ca/news/8415530/alberta-utilities-commission-atco-trans-mountain/,globalnews.ca,2021-11-30,globalnews.ca,Alberta Utilities Commission investigators want probe of ATCO dealings on TMX camps,globalnews.ca,https://globalnews.ca/news/8415530/alberta-utilities-commission-atco-trans-mountain/,Favoritism,ATCO Structures and Logistics,Melanie Bayley,ATCO Electric,2018,100000000,Alberta,0,nemotron-3-super,v7,2026-08-09T11:22:49.727013+00:00
favoritism_ca,favoritism_ca:ccd6f4a6ccfc73b376eecd06b5c1a6c55fd6b5bd69c0a5945c01c7b21e7bea87:v7:00,ccd6f4a6ccfc73b376eecd06b5c1a6c55fd6b5bd69c0a5945c01c7b21e7bea87,https://www.winnipegfreepress.com/canada/alberta-utilities-commission-investigators-want-probe-of-atco-dealings-on-tmx-camps-575838632.html,www.winnipegfreepress.com,2021-11-30,winnipegfreepress.com,Utility investigators want probe of ATCO dealings,winnipegfreepress.com,https://www.winnipegfreepress.com/canada/alberta-utilities-commission-investigators-want-probe-of-atco-dealings-on-tmx-camps-575838632.html,Favoritism,ATCO Structures and Logistics,Melanie Bayley,ATCO Electric,2018,100000000,Alberta,0,nemotron-3-super,v7,2026-08-09T11:22:49.727013+00:00
favoritism_ca,favoritism_ca:04f6978d7609a8e338dd5b55bc951969034c1b5988b39c09ea73a742f53cd3aa:v7:00,04f6978d7609a8e338dd5b55bc951969034c1b5988b39c09ea73a742f53cd3aa,https://www.thestar.com/news/gta/2021/12/17/metrolinx-extends-presto-suppliers-contract-for-three-years-at-more-than-400-million-without-bidding-process-source.html,www.thestar.com,2021-12-17,thestar.com,Metrolinx extends Presto supplier’s contract for three years at more than $400 million without bidding process: source,thestar.com,https://www.thestar.com/news/gta/2021/12/17/metrolinx-extends-presto-suppliers-contract-for-three-years-at-more-than-400-million-without-bidding-process-source.html,Favoritism,Accenture,,Metrolinx,2022-2025,$416 million,Ontario,0,nemotron-3-super,v7,2026-08-09T11:16:32.954085+00:00
favoritism_ca,favoritism_ca:8d95ee6ee0c878c064365593620cecf022fc7919e7c937a3abf9046f4c6ecdb1:v7:00,8d95ee6ee0c878c064365593620cecf022fc7919e7c937a3abf9046f4c6ecdb1,https://globalnews.ca/news/10748675/elections-canada-boissonnault-contract-undisclosed/,globalnews.ca,2024-09-11,globalnews.ca,Why the contract won by Boissonnault’s former company went undisclosed for months,globalnews.ca,https://globalnews.ca/news/10748675/elections-canada-boissonnault-contract-undisclosed/,Favoritism,Global Health Imports (GHI),Randy Boissonnault,Elections Canada,2022-2023,"$28,000",Alberta,0,nemotron-3-super,v7,2026-08-09T11:16:32.954085+00:00
favoritism_ca,favoritism_ca:74c85d8721204cfe3392350ac7b1b6a0c8e15cb58cd0f42906490d70395c4ba7:v7:00,74c85d8721204cfe3392350ac7b1b6a0c8e15cb58cd0f42906490d70395c4ba7,https://www.theglobeandmail.com/politics/article-auditor-general-arrivecan-contractor-gcstrategies/,www.theglobeandmail.com,2024-10-22,theglobeandmail.com,Auditor-General launches audit of main ArriveCan contractor GCStrategies,theglobeandmail.com,https://www.theglobeandmail.com/politics/article-auditor-general-arrivecan-contractor-gcstrategies/,Favoritism,GCStrategies,,House of Commons,,,Ontario,0,nemotron-3-super,v7,2026-08-09T11:17:23.023397+00:00
favoritism_ca,favoritism_ca:9298a7ff5b04b5a43cb96922523baf7ec4c5b94e968d572fb9d6414e403c681a:v7:00,9298a7ff5b04b5a43cb96922523baf7ec4c5b94e968d572fb9d6414e403c681a,https://www.ctvnews.ca/politics/auditor-general-will-probe-government-contracts-with-arrivecan-app-contractor-1.7082902,www.ctvnews.ca,2024-10-22,ctvnews.ca,ArriveCan: Auditor general will probe contracts with GC Strategies,ctvnews.ca,https://www.ctvnews.ca/politics/auditor-general-will-probe-government-contracts-with-arrivecan-app-contractor-1.7082902,Favoritism,GC Strategies,,House of Commons,,,Ontario,0,nemotron-3-super,v7,2026-08-09T11:17:23.023397+00:00
favoritism_ca,favoritism_ca:c45b33354d181441d6f99d3f25014002b0f98071f589c7fc30e83b2b65357807:v7:00,c45b33354d181441d6f99d3f25014002b0f98071f589c7fc30e83b2b65357807,https://www.winnipegfreepress.com/breakingnews/2024/10/24/documents-on-85-k-bribe-to-remain-under-wraps,www.winnipegfreepress.com,2024-10-24,winnipegfreepress.com,Documents on $85K Shindico-Sheegl ‘bribe’ to remain under wraps,winnipegfreepress.com,https://www.winnipegfreepress.com/breakingnews/2024/10/24/documents-on-85-k-bribe-to-remain-under-wraps,Favoritism,Shindico,Phil Sheegl,City of Winnipeg,2009,85000,Manitoba,0,nemotron-3-super,v7,2026-08-09T11:23:27.443562+00:00
favoritism_ca,favoritism_ca:903dca9c8ebb1598824ab021825674af038bd8b2a71e0ad8f8223c94fea4946e:v7:00,903dca9c8ebb1598824ab021825674af038bd8b2a71e0ad8f8223c94fea4946e,https://www.theglobeandmail.com/politics/article-ottawa-refers-three-new-cases-of-alleged-contracting-time-theft-to-the/,www.theglobeandmail.com,2024-11-06,theglobeandmail.com,Ottawa refers three new cases of alleged fraudulent billing by subcontractors to RCMP,theglobeandmail.com,https://www.theglobeandmail.com/politics/article-ottawa-refers-three-new-cases-of-alleged-contracting-time-theft-to-the/,Favoritism,GC Strategies,,Public Services and Procurement Canada,,,Ontario,0,nemotron-3-super,v7,2026-08-09T11:17:23.023397+00:00
favoritism_ca,favoritism_ca:98e1742c3b0b09bab92f1e30593edeebcc8b2461964b35da43552c84f69b910d:v7:00,98e1742c3b0b09bab92f1e30593edeebcc8b2461964b35da43552c84f69b910d,https://www.theglobeandmail.com/politics/article-ottawa-refers-three-new-cases-of-alleged-contracting-time-theft-to/,www.theglobeandmail.com,2024-11-06,theglobeandmail.com,Ottawa refers three new cases of alleged contracting ‘time theft’ to RCMP,theglobeandmail.com,https://www.theglobeandmail.com/politics/article-ottawa-refers-three-new-cases-of-alleged-contracting-time-theft-to/,Favoritism,GC Strategies,,Public Services and Procurement Canada,,,Ontario,0,nemotron-3-super,v7,2026-08-09T11:17:23.023397+00:00
favoritism_ca,favoritism_ca:a29c5629aea63e4e9d93234fb9cea69bd7a4efe01378029d412bd2a634e01d98:v7:00,a29c5629aea63e4e9d93234fb9cea69bd7a4efe01378029d412bd2a634e01d98,https://www.theglobeandmail.com/business/article-ottawa-gave-accenture-too-much-control-over-313-million-in-ceba-sole/,www.theglobeandmail.com,2024-12-02,theglobeandmail.com,"Ottawa gave Accenture too much control over $313-million in CEBA sole-source contracts, auditor finds",theglobeandmail.com,https://www.theglobeandmail.com/business/article-ottawa-gave-accenture-too-much-control-over-313-million-in-ceba-sole/,Favoritism,Accenture Inc.,,Export Development Canada,,313-million,Ontario,0,nemotron-3-super,v7,2026-08-09T11:17:23.023397+00:00
favoritism_ca,favoritism_ca:9ac2bea271a673a161aee48ff19f851a528ad8bc9aa2b67c508a7b8a5beaee1c:v7:00,9ac2bea271a673a161aee48ff19f851a528ad8bc9aa2b67c508a7b8a5beaee1c,https://www.winnipegfreepress.com/breakingnews/2025/02/05/contractors-fined-for-manipulating-manitoba-housing-bids,www.winnipegfreepress.com,2025-02-05,winnipegfreepress.com,Contractors fined for manipulating Manitoba Housing bids,winnipegfreepress.com,https://www.winnipegfreepress.com/breakingnews/2025/02/05/contractors-fined-for-manipulating-manitoba-housing-bids,Favoritism,"Geoff Gregoire, Guy Pringle, James Kauk, Ryan Lamont, Doug Gunnarson",,Manitoba Housing,2011-2016,$3.3 million,Manitoba,0,nemotron-3-super,v7,2026-08-09T11:18:15.361131+00:00
favoritism_ca,favoritism_ca:f197c1529ea27f82b0e7485c256aa646f86f671a1b852b79b31e9ae0dcd1f1e1:v7:00,f197c1529ea27f82b0e7485c256aa646f86f671a1b852b79b31e9ae0dcd1f1e1,https://globalnews.ca/news/11006727/brandon-contractors-housing-conspiracy/,globalnews.ca,2025-02-06,globalnews.ca,Brandon contractors plead guilty to conspiracy in social housing scheme,globalnews.ca,https://globalnews.ca/news/11006727/brandon-contractors-housing-conspiracy/,Favoritism,Five Brandon contractors,,Manitoba Housing,2011-2016,$3.5 million,Manitoba,0,nemotron-3-super,v7,2026-08-09T11:18:15.361131+00:00
favoritism_ca,favoritism_ca:22795fbb73edef25cc7936943d99f8b8aebb0e97e6babe6f5db9174e256af862:v7:00,22795fbb73edef25cc7936943d99f8b8aebb0e97e6babe6f5db9174e256af862,https://www.brandonsun.com/national/2025/02/25/cp-newsalert-alberta-cabinet-minister-resigns-citing-concerns-over-procurement,www.brandonsun.com,2025-02-25,brandonsun.com,"Alberta cabinet minister Peter Guthrie quits post, citing concerns over procurement",brandonsun.com,https://www.brandonsun.com/national/2025/02/25/cp-newsalert-alberta-cabinet-minister-resigns-citing-concerns-over-procurement,Favoritism,MHCare Medical,Peter Guthrie,Alberta Infrastructure,2022,70000000,Alberta,0,nemotron-3-super,v7,2026-08-09T11:18:44.212657+00:00
favoritism_ca,favoritism_ca:5c53fbcfdeb46939585f79bcda50a162940043708c8f0350ec7da39d08a8d4a1:v7:00,5c53fbcfdeb46939585f79bcda50a162940043708c8f0350ec7da39d08a8d4a1,https://www.kelownadailycourier.ca/news/national_news/article_3c375f19-888f-5c3d-a2a5-09fed2e6ed6e.html,www.kelownadailycourier.ca,2025-03-06,kelownadailycourier.ca,RCMP launch probe amid allegations of corruption in Alberta health contracts,kelownadailycourier.ca,https://www.kelownadailycourier.ca/news/national_news/article_3c375f19-888f-5c3d-a2a5-09fed2e6ed6e.html,Favoritism,MHCare Medical,Danielle Smith,Alberta Health Services,2022,70000000,Alberta,0,nemotron-3-super,v7,2026-08-09T11:18:44.212657+00:00
favoritism_ca,favoritism_ca:1170141d3b95d71d19a94d064fe66d7cac7a862677c48935973bb53005de3576:v7:00,1170141d3b95d71d19a94d064fe66d7cac7a862677c48935973bb53005de3576,https://www.thestar.com/politics/doug-ford-aide-turned-greenbelt-lobbyist-broke-rules-ethics-watchdog-says/article_14b1f96c-e7a3-583c-8f18-3de5ad732c6a.html,www.thestar.com,2025-03-31,thestar.com,"Doug Ford aide-turned Greenbelt lobbyist broke rules, ethics watchdog says",thestar.com,https://www.thestar.com/politics/doug-ford-aide-turned-greenbelt-lobbyist-broke-rules-ethics-watchdog-says/article_14b1f96c-e7a3-583c-8f18-3de5ad732c6a.html,Favoritism,,,,,,Ontario,0,nemotron-3-super,v7,2026-08-09T11:19:23.996369+00:00
favoritism_ca,favoritism_ca:39bb68b97125709a932f491d8e0d45a66f417d43fe25a46fc9927984b20df436:v7:00,39bb68b97125709a932f491d8e0d45a66f417d43fe25a46fc9927984b20df436,https://www.theglobeandmail.com/canada/article-greenbelt-ontario-ford-integrity-commissioner-report/,www.theglobeandmail.com,2025-03-31,theglobeandmail.com,"Lobbyist and former Ford aide broke rules with Greenbelt clients, ethics watchdog says",theglobeandmail.com,https://www.theglobeandmail.com/canada/article-greenbelt-ontario-ford-integrity-commissioner-report/,Favoritism,,,,,,Ontario,0,nemotron-3-super,v7,2026-08-09T11:19:23.996369+00:00
favoritism_ca,favoritism_ca:43ee732191bbe3dd824d24435d3da6737070520f881a3bd4e1105b042699a09a:v7:00,43ee732191bbe3dd824d24435d3da6737070520f881a3bd4e1105b042699a09a,https://www.thespec.com/politics/provincial/ex-doug-ford-aide-failed-to-comply-with-lobbying-rules-in-push-to-remove-greenbelt/article_dcc8f9e2-afe6-5daf-9d72-6af19247ddbc.html,www.thespec.com,2025-03-31,thespec.com,Ex-Doug Ford aide ‘failed to comply’ with lobbying rules in push to remove Greenbelt land: watchdog,thespec.com,https://www.thespec.com/politics/provincial/ex-doug-ford-aide-failed-to-comply-with-lobbying-rules-in-push-to-remove-greenbelt/article_dcc8f9e2-afe6-5daf-9d72-6af19247ddbc.html,Favoritism,,,,,,Ontario,0,nemotron-3-super,v7,2026-08-09T11:19:23.996369+00:00
favoritism_ca,favoritism_ca:b7d4dc224ad6a9cace57b580a22f49518192f54084d80e21005f0f6b2c7574d5:v7:00,b7d4dc224ad6a9cace57b580a22f49518192f54084d80e21005f0f6b2c7574d5,https://globalnews.ca/news/11106095/nico-finani-diker-greenbelt-lobbying/,globalnews.ca,2025-03-31,globalnews.ca,"Ontario lobbyist found to have violated rules, including relating to Greenbelt",globalnews.ca,https://globalnews.ca/news/11106095/nico-finani-diker-greenbelt-lobbying/,Favoritism,,,,,,Ontario,0,nemotron-3-super,v7,2026-08-09T11:19:23.996369+00:00
favoritism_ca,favoritism_ca:54c3481ad9c1d43575694dde374a2bf2faa1f5785b1d8455fbd40dce4010fd9f:v7:00,54c3481ad9c1d43575694dde374a2bf2faa1f5785b1d8455fbd40dce4010fd9f,https://www.nationalobserver.com/2025/04/01/news/ford-former-lobbying-greenbelt-integrity-commissioner,www.nationalobserver.com,2025-04-01,nationalobserver.com,"Ford’s former aide broke lobbying rules over Greenbelt, watchdog finds",nationalobserver.com,https://www.nationalobserver.com/2025/04/01/news/ford-former-lobbying-greenbelt-integrity-commissioner,Favoritism,,,,,,Ontario,0,nemotron-3-super,v7,2026-08-09T11:19:23.996369+00:00
favoritism_ca,favoritism_ca:91e3a087bd9c07159042f1cea9d7e0f520d4d5efbc76bebed1f9c69d2c653f2d:v7:00,91e3a087bd9c07159042f1cea9d7e0f520d4d5efbc76bebed1f9c69d2c653f2d,https://globalnews.ca/news/11107636/ndp-calls-for-ontario-integrity-commissioner-to-release-unregistered-lobbyist-report/,globalnews.ca,2025-04-01,globalnews.ca,NDP calls for Ontario Integrity Commissioner to release ‘unregistered lobbyist’ report,globalnews.ca,https://globalnews.ca/news/11107636/ndp-calls-for-ontario-integrity-commissioner-to-release-unregistered-lobbyist-report/,Favoritism,,,,,,Ontario,0,nemotron-3-super,v7,2026-08-09T11:19:23.996369+00:00
favoritism_ca,favoritism_ca:97259139dbf7e0c002173c4a260f65d5e1a1ff817ef34aeede269f0752d84e1e:v7:00,97259139dbf7e0c002173c4a260f65d5e1a1ff817ef34aeede269f0752d84e1e,https://www.theglobeandmail.com/politics/article-conservatives-seek-lifetime-ban-for-arrivecan-contractor-gcstrategies/,www.theglobeandmail.com,2025-06-12,theglobeandmail.com,Conservatives seek lifetime ban for ArriveCan contractor GCStrategies,theglobeandmail.com,https://www.theglobeandmail.com/politics/article-conservatives-seek-lifetime-ban-for-arrivecan-contractor-gcstrategies/,Favoritism,GCStrategies,,Government of Canada,,$64-million,Ontario,0,nemotron-3-super,v7,2026-08-09T11:20:07.406108+00:00
favoritism_ca,favoritism_ca:5b1565b481d860d4c6dc28fdd0fb5fbf071b9cfb8ecab07053dd2878a2f3d5f5:v7:00,5b1565b481d860d4c6dc28fdd0fb5fbf071b9cfb8ecab07053dd2878a2f3d5f5,https://www.theglobeandmail.com/politics/article-commons-approves-motion-arrivecan-contractor-gcstrategies-lifetime-ban/,www.theglobeandmail.com,2025-06-16,theglobeandmail.com,Commons approves motion calling for ArriveCan contractor GCStrategies to face lifetime ban,theglobeandmail.com,https://www.theglobeandmail.com/politics/article-commons-approves-motion-arrivecan-contractor-gcstrategies-lifetime-ban/,Favoritism,GCStrategies,,Government of Canada,,$64.5-million,Ontario,0,nemotron-3-super,v7,2026-08-09T11:20:07.406108+00:00
favoritism_ca,favoritism_ca:20b1670841c6bf320a1d15a02c033e534ceefc4b0a60a01b0a817c5cd3dc0a94:v7:00,20b1670841c6bf320a1d15a02c033e534ceefc4b0a60a01b0a817c5cd3dc0a94,https://www.sherbrookerecord.com/market-authority-flags-procurement-failures-at-universite-de-sherbrooke/,www.sherbrookerecord.com,2025-08-03,sherbrookerecord.com,Market authority flags procurement failures at Université de Sherbrooke,sherbrookerecord.com,https://www.sherbrookerecord.com/market-authority-flags-procurement-failures-at-universite-de-sherbrooke/,Favoritism,,,Université de Sherbrooke,2024-2025,$4.4 million,Quebec,0,nemotron-3-super,v7,2026-08-09T11:20:07.406108+00:00
favoritism_ca,favoritism_ca:67bceb1c6c5524204ca3e5a4e59492ec9e09bedcdcb26a8f07500cf1a55a71dd:v7:00,67bceb1c6c5524204ca3e5a4e59492ec9e09bedcdcb26a8f07500cf1a55a71dd,https://www.theglobeandmail.com/canada/alberta/article-adviser-on-albertas-use-of-private-clinics-was-also-working-for/,www.theglobeandmail.com,2025-09-24,theglobeandmail.com,"Alberta private clinics adviser worked for firm vying for contract, confidential report says",theglobeandmail.com,https://www.theglobeandmail.com/canada/alberta/article-adviser-on-albertas-use-of-private-clinics-was-also-working-for/,Favoritism,Alberta Surgical Group,Jitendra Prasad,Alberta Health Services,2022,,Alberta,0,nemotron-3-super,v7,2026-08-09T11:20:07.406108+00:00
favoritism_ca,favoritism_ca:0b816295b36ab358047ee61ca709bd5240958a8a0e4ead303b0204daec9763fb:v7:00,0b816295b36ab358047ee61ca709bd5240958a8a0e4ead303b0204daec9763fb,https://www.theglobeandmail.com/canada/article-alberta-health-services-supplier-procurement-mhcare/,www.theglobeandmail.com,2025-09-29,theglobeandmail.com,Alberta health officials were also directors at a company linked to a supplier,theglobeandmail.com,https://www.theglobeandmail.com/canada/article-alberta-health-services-supplier-procurement-mhcare/,Favoritism,MHCare Medical Corp.,Jitendra Prasad,Alberta Health Services,2022,$70-million,Alberta,0,nemotron-3-super,v7,2026-08-09T11:20:07.406108+00:00
favoritism_ca,favoritism_ca:df6003759983c3608f9b79e32951718b9de49f1c809c95eb23db56cb8607ecb9:v7:00,df6003759983c3608f9b79e32951718b9de49f1c809c95eb23db56cb8607ecb9,https://www.theglobeandmail.com/canada/article-ontario-skills-development-fund-lobbyists/,www.theglobeandmail.com,2025-11-07,theglobeandmail.com,"Groups that got cash from Ontario training fund increasingly hired lobbyists, numbers show",theglobeandmail.com,https://www.theglobeandmail.com/canada/article-ontario-skills-development-fund-lobbyists/,Favoritism,OZZ Electric,David Piccini,Ontario Labour Ministry,2022-2025,$13-million,Ontario,0,nemotron-3-super,v7,2026-08-09T11:20:35.359018+00:00
favoritism_ca,favoritism_ca:df6003759983c3608f9b79e32951718b9de49f1c809c95eb23db56cb8607ecb9:v7:01,df6003759983c3608f9b79e32951718b9de49f1c809c95eb23db56cb8607ecb9,https://www.theglobeandmail.com/canada/article-ontario-skills-development-fund-lobbyists/,www.theglobeandmail.com,2025-11-07,theglobeandmail.com,"Groups that got cash from Ontario training fund increasingly hired lobbyists, numbers show",theglobeandmail.com,https://www.theglobeandmail.com/canada/article-ontario-skills-development-fund-lobbyists/,Favoritism,Ontario Shipyards,David Piccini,Ontario Labour Ministry,2021-2025,$21-million,Ontario,0,nemotron-3-super,v7,2026-08-09T11:20:35.359018+00:00
favoritism_ca,favoritism_ca:44118f2dfb94d30d08b45d290a11733b728f783af437651f3ef0cd01236f287c:v7:00,44118f2dfb94d30d08b45d290a11733b728f783af437651f3ef0cd01236f287c,https://www.theglobeandmail.com/canada/article-doug-ford-keel-digital-solutions-opp-investigation-skills-funding/,www.theglobeandmail.com,2025-12-09,theglobeandmail.com,Doug Ford defends giving government funds to company now under OPP investigation,theglobeandmail.com,https://www.theglobeandmail.com/canada/article-doug-ford-keel-digital-solutions-opp-investigation-skills-funding/,Favoritism,Keel Digital Solutions,David Piccini,"Ontario Ministry of Labour, Immigration, Training and Skills Development",2024,7.5-million,Ontario,0,nemotron-3-super,v7,2026-08-09T11:23:50.658305+00:00
