topic,case_id,story_id,url,domain,publish_date,media_name,title,source_outlet,source_url,link_category,person_name,private_org,private_time,public_org,public_time,donation_amount,jurisdiction,evidence_verified,model,prompt_version,extracted_at
patronage_ca,patronage_ca:641bd70e9345de71f5f860a42723179aa31610365a429632b207b85d3e310cc9:v7:00,641bd70e9345de71f5f860a42723179aa31610365a429632b207b85d3e310cc9,https://torontosun.com/news/national/trudeau-liberals-appoint-four-more-donors-to-be-judges,torontosun.com,2021-07-05,torontosun.com,Trudeau Liberals appoint four more donors to be judges,torontosun.com,https://torontosun.com/news/national/trudeau-liberals-appoint-four-more-donors-to-be-judges,Patronage,Daniel Urbas,,,Superior Court of Quebec,2021,9351,Quebec,0,nemotron-3-super,v7,2026-08-06T07:23:36.730990+00:00
patronage_ca,patronage_ca:641bd70e9345de71f5f860a42723179aa31610365a429632b207b85d3e310cc9:v7:01,641bd70e9345de71f5f860a42723179aa31610365a429632b207b85d3e310cc9,https://torontosun.com/news/national/trudeau-liberals-appoint-four-more-donors-to-be-judges,torontosun.com,2021-07-05,torontosun.com,Trudeau Liberals appoint four more donors to be judges,torontosun.com,https://torontosun.com/news/national/trudeau-liberals-appoint-four-more-donors-to-be-judges,Patronage,Louis Charette,,,Superior Court of Quebec,2021,6232,Quebec,0,nemotron-3-super,v7,2026-08-06T07:23:36.730990+00:00
patronage_ca,patronage_ca:641bd70e9345de71f5f860a42723179aa31610365a429632b207b85d3e310cc9:v7:02,641bd70e9345de71f5f860a42723179aa31610365a429632b207b85d3e310cc9,https://torontosun.com/news/national/trudeau-liberals-appoint-four-more-donors-to-be-judges,torontosun.com,2021-07-05,torontosun.com,Trudeau Liberals appoint four more donors to be judges,torontosun.com,https://torontosun.com/news/national/trudeau-liberals-appoint-four-more-donors-to-be-judges,Patronage,William Black,,,Superior Court of Justice of Ontario,2021,4423,Ontario,0,nemotron-3-super,v7,2026-08-06T07:23:36.730990+00:00
patronage_ca,patronage_ca:641bd70e9345de71f5f860a42723179aa31610365a429632b207b85d3e310cc9:v7:03,641bd70e9345de71f5f860a42723179aa31610365a429632b207b85d3e310cc9,https://torontosun.com/news/national/trudeau-liberals-appoint-four-more-donors-to-be-judges,torontosun.com,2021-07-05,torontosun.com,Trudeau Liberals appoint four more donors to be judges,torontosun.com,https://torontosun.com/news/national/trudeau-liberals-appoint-four-more-donors-to-be-judges,Patronage,Jill Presser,,,Ontario Superior Court,2021,6189,Ontario,0,nemotron-3-super,v7,2026-08-06T07:23:36.730990+00:00
patronage_ca,patronage_ca:2d5983b8363ab6430964197375e2f147a3525a325c2e43a35656b89670e3f4f1:v7:00,2d5983b8363ab6430964197375e2f147a3525a325c2e43a35656b89670e3f4f1,https://toronto.ctvnews.ca/ndp-calls-on-elections-ontario-to-investigate-ford-government-contract-with-private-health-care-company-1.5756909,toronto.ctvnews.ca,2022-01-27,ctvnews.ca,NDP calls on Elections Ontario to investigate Ford government contract with private health-care company,ctvnews.ca,https://toronto.ctvnews.ca/ndp-calls-on-elections-ontario-to-investigate-ford-government-contract-with-private-health-care-company-1.5756909,Patronage,,FH Health,2021-0920,Ministry of the Solicitor General,2021-0920,,Ontario,0,nemotron-3-super,v7,2026-08-04T18:35:24.742373+00:00
patronage_ca,patronage_ca:36e146f1cf5a4e983bbc0a624a7bc2e0f018ab1f3bca64c70c2d2687af5c5efe:v7:00,36e146f1cf5a4e983bbc0a624a7bc2e0f018ab1f3bca64c70c2d2687af5c5efe,https://www.winnipegfreepress.com/opinion/columnists/2023/08/18/as-a-defender-of-pallisters-disastrous-legacy-loyal-soldier-makes-a-pretty-good-comedian,www.winnipegfreepress.com,2023-08-18,winnipegfreepress.com,"As a defender of Pallister’s disastrous legacy, loyal soldier makes a pretty good comedian",winnipegfreepress.com,https://www.winnipegfreepress.com/opinion/columnists/2023/08/18/as-a-defender-of-pallisters-disastrous-legacy-loyal-soldier-makes-a-pretty-good-comedian,Patronage,David McLaughlin,Progressive Conservative Party of Manitoba,2023,"Clerk of Executive Council, Manitoba Government",2020,,Manitoba,0,nemotron-3-super,v7,2026-08-05T17:13:50.625189+00:00
patronage_ca,patronage_ca:6fa9f25bc0dc1201b69fae1a89000098f3c3e4afa78ae82b26bb2dd4438fa09f:v7:00,6fa9f25bc0dc1201b69fae1a89000098f3c3e4afa78ae82b26bb2dd4438fa09f,https://edmonton.ctvnews.ca/ndp-accuses-smith-government-of-running-700k-gravy-train-for-friends-and-allies-1.6654663,edmonton.ctvnews.ca,2023-11-21,ctvnews.ca,"Notley, Smith debate $700K in sole-source contracts",ctvnews.ca,https://edmonton.ctvnews.ca/ndp-accuses-smith-government-of-running-700k-gravy-train-for-friends-and-allies-1.6654663,Patronage,Preston Manning,,,Alberta government,2023,,Alberta,0,nemotron-3-super,v7,2026-08-06T07:23:36.730990+00:00
patronage_ca,patronage_ca:6fa9f25bc0dc1201b69fae1a89000098f3c3e4afa78ae82b26bb2dd4438fa09f:v7:01,6fa9f25bc0dc1201b69fae1a89000098f3c3e4afa78ae82b26bb2dd4438fa09f,https://edmonton.ctvnews.ca/ndp-accuses-smith-government-of-running-700k-gravy-train-for-friends-and-allies-1.6654663,edmonton.ctvnews.ca,2023-11-21,ctvnews.ca,"Notley, Smith debate $700K in sole-source contracts",ctvnews.ca,https://edmonton.ctvnews.ca/ndp-accuses-smith-government-of-running-700k-gravy-train-for-friends-and-allies-1.6654663,Patronage,Shayne Saskiw,Alberta Counsel,,Alberta government,2023,,Alberta,0,nemotron-3-super,v7,2026-08-06T07:23:36.730990+00:00
patronage_ca,patronage_ca:6fa9f25bc0dc1201b69fae1a89000098f3c3e4afa78ae82b26bb2dd4438fa09f:v7:02,6fa9f25bc0dc1201b69fae1a89000098f3c3e4afa78ae82b26bb2dd4438fa09f,https://edmonton.ctvnews.ca/ndp-accuses-smith-government-of-running-700k-gravy-train-for-friends-and-allies-1.6654663,edmonton.ctvnews.ca,2023-11-21,ctvnews.ca,"Notley, Smith debate $700K in sole-source contracts",ctvnews.ca,https://edmonton.ctvnews.ca/ndp-accuses-smith-government-of-running-700k-gravy-train-for-friends-and-allies-1.6654663,Patronage,Matthew Altheim,,,Alberta government,2023,,Alberta,0,nemotron-3-super,v7,2026-08-06T07:23:36.730990+00:00
patronage_ca,patronage_ca:6fa9f25bc0dc1201b69fae1a89000098f3c3e4afa78ae82b26bb2dd4438fa09f:v7:03,6fa9f25bc0dc1201b69fae1a89000098f3c3e4afa78ae82b26bb2dd4438fa09f,https://edmonton.ctvnews.ca/ndp-accuses-smith-government-of-running-700k-gravy-train-for-friends-and-allies-1.6654663,edmonton.ctvnews.ca,2023-11-21,ctvnews.ca,"Notley, Smith debate $700K in sole-source contracts",ctvnews.ca,https://edmonton.ctvnews.ca/ndp-accuses-smith-government-of-running-700k-gravy-train-for-friends-and-allies-1.6654663,Patronage,David Yager,,,Alberta government,2023,,Alberta,0,nemotron-3-super,v7,2026-08-06T07:23:36.730990+00:00
patronage_ca,patronage_ca:beae2ae03ce0e40b457a8afe9b2f0d4bc1a32a6409af3dc61bc9fd04e10747fa:v7:00,beae2ae03ce0e40b457a8afe9b2f0d4bc1a32a6409af3dc61bc9fd04e10747fa,https://regina.ctvnews.ca/ndp-says-minister-appointed-sask-party-supporter-to-human-rights-commission-1.6785827,regina.ctvnews.ca,2024-02-27,ctvnews.ca,Sask. NDP say new appointments to human rights commission need to be scrapped,ctvnews.ca,https://regina.ctvnews.ca/ndp-says-minister-appointed-sask-party-supporter-to-human-rights-commission-1.6785827,Patronage,Alan Thomarat,Saskatchewan Party,2021,Saskatchewan Human Rights Commission,2024,1000,Saskatchewan,0,nemotron-3-super,v7,2026-08-05T17:13:50.625189+00:00
patronage_ca,patronage_ca:1cbe377eb0914af3f5526ade1505927fe3f1e82da0a626d5786ac3358fc4de16:v7:00,1cbe377eb0914af3f5526ade1505927fe3f1e82da0a626d5786ac3358fc4de16,https://www.thestar.com/politics/provincial/ex-pc-party-vice-president-appointed-ontario-judge-as-opposition-slams-gravy-train-appointment/article_a0751f52-07c6-11ef-a3b3-5f81f2b99668.html,www.thestar.com,2024-05-01,thestar.com,Ex-PC party vice-president appointed Ontario judge as opposition slams ‘gravy train appointment’,thestar.com,https://www.thestar.com/politics/provincial/ex-pc-party-vice-president-appointed-ontario-judge-as-opposition-slams-gravy-train-appointment/article_a0751f52-07c6-11ef-a3b3-5f81f2b99668.html,Patronage,Sara Mintz,Ontario PC Party,2003,Ontario Court of Justice,2024,,Ontario,0,nemotron-3-super,v7,2026-08-07T10:51:31.467759+00:00
patronage_ca,patronage_ca:1b36d077f5af0b08daf15ee4a3d997c4314ade2df546c31c651c7ed3688e1c0d:v7:00,1b36d077f5af0b08daf15ee4a3d997c4314ade2df546c31c651c7ed3688e1c0d,https://www.theglobeandmail.com/politics/article-donations-harjit-sajjan-liberals-vancouver-south/,www.theglobeandmail.com,2024-07-02,theglobeandmail.com,Afghan Sikh sponsors donated to Sajjan’s riding association during Kabul airlift campaign,theglobeandmail.com,https://www.theglobeandmail.com/politics/article-donations-harjit-sajjan-liberals-vancouver-south/,Patronage,Tarjinder Bhullar,Manmeet Singh Bhullar Charitable Foundation,2021,Vancouver South Liberal riding association,2021,$510,British Columbia,0,nemotron-3-super,v7,2026-08-06T07:24:03.049055+00:00
patronage_ca,patronage_ca:1b36d077f5af0b08daf15ee4a3d997c4314ade2df546c31c651c7ed3688e1c0d:v7:01,1b36d077f5af0b08daf15ee4a3d997c4314ade2df546c31c651c7ed3688e1c0d,https://www.theglobeandmail.com/politics/article-donations-harjit-sajjan-liberals-vancouver-south/,www.theglobeandmail.com,2024-07-02,theglobeandmail.com,Afghan Sikh sponsors donated to Sajjan’s riding association during Kabul airlift campaign,theglobeandmail.com,https://www.theglobeandmail.com/politics/article-donations-harjit-sajjan-liberals-vancouver-south/,Patronage,Baljinder Bhullar,Manmeet Singh Bhullar Charitable Foundation,2021,Vancouver South Liberal riding association,2021,"$1,000",British Columbia,0,nemotron-3-super,v7,2026-08-06T07:24:03.049055+00:00
patronage_ca,patronage_ca:1b36d077f5af0b08daf15ee4a3d997c4314ade2df546c31c651c7ed3688e1c0d:v7:02,1b36d077f5af0b08daf15ee4a3d997c4314ade2df546c31c651c7ed3688e1c0d,https://www.theglobeandmail.com/politics/article-donations-harjit-sajjan-liberals-vancouver-south/,www.theglobeandmail.com,2024-07-02,theglobeandmail.com,Afghan Sikh sponsors donated to Sajjan’s riding association during Kabul airlift campaign,theglobeandmail.com,https://www.theglobeandmail.com/politics/article-donations-harjit-sajjan-liberals-vancouver-south/,Patronage,Apharnarayan Bhullar,Manmeet Singh Bhullar Charitable Foundation,2021,Vancouver South Liberal riding association,2021,"$1,000",British Columbia,0,nemotron-3-super,v7,2026-08-06T07:24:03.049055+00:00
patronage_ca,patronage_ca:1b36d077f5af0b08daf15ee4a3d997c4314ade2df546c31c651c7ed3688e1c0d:v7:03,1b36d077f5af0b08daf15ee4a3d997c4314ade2df546c31c651c7ed3688e1c0d,https://www.theglobeandmail.com/politics/article-donations-harjit-sajjan-liberals-vancouver-south/,www.theglobeandmail.com,2024-07-02,theglobeandmail.com,Afghan Sikh sponsors donated to Sajjan’s riding association during Kabul airlift campaign,theglobeandmail.com,https://www.theglobeandmail.com/politics/article-donations-harjit-sajjan-liberals-vancouver-south/,Patronage,Namrita Rattan,Manmeet Singh Bhullar Charitable Foundation,2021,Vancouver South Liberal riding association,2021,"$1,650",British Columbia,0,nemotron-3-super,v7,2026-08-06T07:24:03.049055+00:00
patronage_ca,patronage_ca:04e481e76a88c72420e087fbf05a6901d0352fa9d213fd92056813c41a7608c1:v7:00,04e481e76a88c72420e087fbf05a6901d0352fa9d213fd92056813c41a7608c1,https://www.thespec.com/opinion/contributors/the-entire-process-of-choosing-home-care-contractors-needs-an-independent-sober-second-look/article_3bf995d4-a775-557a-aadb-1b2480bb6d2e.html,www.thespec.com,2024-08-13,thespec.com,The entire process of choosing home care contractors needs an independent sober second look,thespec.com,https://www.thespec.com/opinion/contributors/the-entire-process-of-choosing-home-care-contractors-needs-an-independent-sober-second-look/article_3bf995d4-a775-557a-aadb-1b2480bb6d2e.html,Patronage,Laura Harris,Care Company Inc.,,Ontario home-care contracts,2024,,Ontario,0,nemotron-3-super,v7,2026-08-07T12:34:06.078246+00:00
patronage_ca,patronage_ca:3d7403a1392827795738eb41172cbbb72d0a2635a236df464923b61ca7013224:v7:00,3d7403a1392827795738eb41172cbbb72d0a2635a236df464923b61ca7013224,https://www.thestar.com/politics/federal/gov-gen-names-broadcaster-charles-adler-hospital-executive-tracy-muggli-to-senate/article_f293b1af-b275-5bd5-bd57-a9f2d0fa66b6.html,www.thestar.com,2024-08-17,thestar.com,"Gov. Gen. names broadcaster Charles Adler, hospital executive Tracy Muggli to Senate",thestar.com,https://www.thestar.com/politics/federal/gov-gen-names-broadcaster-charles-adler-hospital-executive-tracy-muggli-to-senate/article_f293b1af-b275-5bd5-bd57-a9f2d0fa66b6.html,Patronage,Tracy Muggli,,,Senate of Canada,2024,,Saskatchewan,0,nemotron-3-super,v7,2026-08-06T07:23:36.730990+00:00
