topic,case_id,story_id,url,domain,publish_date,media_name,title,source_outlet,source_url,link_category,person_name,private_org,private_time,public_org,public_time,jurisdiction,evidence_verified,model,prompt_version,extracted_at
revolving_door_ca,revolving_door_ca:55b7db95dfa763dd9cad3fe070ed43ead88020a20481cd7a05130b96a817d4ba:v7:00,55b7db95dfa763dd9cad3fe070ed43ead88020a20481cd7a05130b96a817d4ba,https://canadiandimension.com/articles/view/did-canadas-former-governor-general-have-closer-ties-to-apartheid-south-africa-than-previously-reported,canadiandimension.com,2021-02-01,canadiandimension.com,Did Canada’s former governor general have closer ties to apartheid South Africa than previously reported?,canadiandimension.com,https://canadiandimension.com/articles/view/did-canadas-former-governor-general-have-closer-ties-to-apartheid-south-africa-than-previously-reported,Revolving Door,Maurice Sauvé,Canadian-South African Society,1980-1985,Government of Canada,2021-2021,Quebec,0,glm-5,v7,2026-07-31T16:18:39.816486+00:00
revolving_door_ca,revolving_door_ca:faf38120955280796bdf9691236654f49c9fc9efaf865037f6023500f9ad8414:v7:00,faf38120955280796bdf9691236654f49c9fc9efaf865037f6023500f9ad8414,https://ipolitics.ca/2021/02/01/lobby-wrap-mental-health-groups-seeking-more-funding-from-ottawa/,ipolitics.ca,2021-02-01,ipolitics.ca,Lobby Wrap: Mental health groups seeking more funding from Ottawa,ipolitics.ca,https://ipolitics.ca/2021/02/01/lobby-wrap-mental-health-groups-seeking-more-funding-from-ottawa/,Revolving Door,Benjamin Howe,Impact Public Affairs,2021-2021,Office of Liberal MP Neil Ellis,2021-2021,Ontario,0,glm-5,v7,2026-07-31T16:11:41.344879+00:00
revolving_door_ca,revolving_door_ca:47f27f78e296d4b17d0df35bcabfbde112e5cbe6f9db834855450141b36b4ff2:v7:00,47f27f78e296d4b17d0df35bcabfbde112e5cbe6f9db834855450141b36b4ff2,https://www.macleans.ca/longforms/inside-canada-covid-19-vaccine-plan/amp/#click=https://t.co/pFPQFXyJy5,www.macleans.ca,2021-02-04,macleans.ca,Canada's COVID-19 vaccine plan: What went right—and then so wrong,macleans.ca,https://www.macleans.ca/longforms/inside-canada-covid-19-vaccine-plan/amp/#click=https://t.co/pFPQFXyJy5,Revolving Door,Mark Lievonen,Sanofi,2021-2021,COVID-19 Vaccine Task Force,2021-2021,Ontario,0,glm-5,v7,2026-07-31T16:18:39.816486+00:00
revolving_door_ca,revolving_door_ca:6848fbd1f85010cd71052b58929f4a780b6d05013d94ea10fcf9c13d1116ba5d:v7:00,6848fbd1f85010cd71052b58929f4a780b6d05013d94ea10fcf9c13d1116ba5d,https://www.macleans.ca/longforms/inside-canada-covid-19-vaccine-plan/,www.macleans.ca,2021-02-04,macleans.ca,Inside Canada's high-stakes rush to lock down millions of COVID vaccine doses,macleans.ca,https://www.macleans.ca/longforms/inside-canada-covid-19-vaccine-plan/,Revolving Door,Mark Lievonen,Sanofi,,COVID-19 Vaccine Task Force,2020-2021,Ontario,0,glm-5,v7,2026-07-31T16:19:09.206232+00:00
revolving_door_ca,revolving_door_ca:fd77178a9cda95267761e4f1d8f2a6d640e9722f29d73ab6c7f28337f09b1525:v7:00,fd77178a9cda95267761e4f1d8f2a6d640e9722f29d73ab6c7f28337f09b1525,https://ipolitics.ca/2021/03/08/lobby-wrap-broadcasting-and-sports-betting-bills-see-increase-in-filings/,ipolitics.ca,2021-03-08,ipolitics.ca,Lobby Wrap: Broadcasting and sports betting bills see increase in filings,ipolitics.ca,https://ipolitics.ca/2021/03/08/lobby-wrap-broadcasting-and-sports-betting-bills-see-increase-in-filings/,Revolving Door,John Baird,Canadian Pacific Railway,2021-2021,Foreign Affairs Canada,2021-2021,New Brunswick,0,glm-5,v7,2026-07-31T16:11:41.344879+00:00
revolving_door_ca,revolving_door_ca:63e1629ea4e1a36b9c753e037c2479867ba3320f8f0357a8b036d01626008843:v7:00,63e1629ea4e1a36b9c753e037c2479867ba3320f8f0357a8b036d01626008843,https://www.nationalobserver.com/2021/04/13/news/complaint-filed-against-lobbyist-ontario-developers-after-413-investigation,www.nationalobserver.com,2021-04-13,nationalobserver.com,Complaint filed against lobbyist for Ontario developers,nationalobserver.com,https://www.nationalobserver.com/2021/04/13/news/complaint-filed-against-lobbyist-ontario-developers-after-413-investigation,Revolving Door,Peter Van Loan,Aird & Berlis LLP,2021-2021,House of Commons of Canada,2021-2021,Ontario,0,glm-5,v7,2026-07-31T16:11:41.344879+00:00
revolving_door_ca,revolving_door_ca:8aac3188f84ccbee679681109e7897e4abdac1848c406b382d8f64a813aab60e:v7:00,8aac3188f84ccbee679681109e7897e4abdac1848c406b382d8f64a813aab60e,https://ipolitics.ca/2021/05/17/lobby-wrap-california-tech-firms-seeking-more-opportunities-with-government/,ipolitics.ca,2021-05-17,ipolitics.ca,Lobby Wrap: California tech firms seeking more opportunities with government,ipolitics.ca,https://ipolitics.ca/2021/05/17/lobby-wrap-california-tech-firms-seeking-more-opportunities-with-government/,Revolving Door,Fernando Minna,The Capital Hill Group,2021-2021,Office of Conservative MP Phil McColeman,2016-2021,Ontario,0,glm-5,v7,2026-07-31T16:11:41.344879+00:00
revolving_door_ca,revolving_door_ca:c446e8c1c14e1741ede3dbeb1dcaae60b0f2fd4b649db55367df1e61adec7b88:v7:00,c446e8c1c14e1741ede3dbeb1dcaae60b0f2fd4b649db55367df1e61adec7b88,https://ipolitics.ca/2021/05/17/lobby-wrap-california-tech-firms-seek-more-opportunities-with-government/,ipolitics.ca,2021-05-17,ipolitics.ca,Lobby Wrap: California tech firms seek more opportunities with government,ipolitics.ca,https://ipolitics.ca/2021/05/17/lobby-wrap-california-tech-firms-seek-more-opportunities-with-government/,Revolving Door,Fernando Minna,The Capital Hill Group,2021-2021,Office of Conservative MP Phil McColeman,2016-2021,Ontario,0,glm-5,v7,2026-07-31T16:11:41.344879+00:00
revolving_door_ca,revolving_door_ca:aabafbd4376931aa4e8da9d81e9017b6bcc7992f3653ece65203c3b150bc25a8:v7:00,aabafbd4376931aa4e8da9d81e9017b6bcc7992f3653ece65203c3b150bc25a8,https://ipolitics.ca/2021/05/31/lobby-wrap-hyperloop-transportation-hopes-to-promote-clean-commercial-transport-alternative/,ipolitics.ca,2021-05-31,ipolitics.ca,Lobby Wrap: Hyperloop Transportation hopes to promote clean commercial transport alternative,ipolitics.ca,https://ipolitics.ca/2021/05/31/lobby-wrap-hyperloop-transportation-hopes-to-promote-clean-commercial-transport-alternative/,Revolving Door,Ana Krstanovic,Hill & Knowlton Canada,2021-2021,House of Commons,2020-2021,Ontario,0,glm-5,v7,2026-07-31T16:12:30.423620+00:00
revolving_door_ca,revolving_door_ca:17bd347a47ce174d6b985c525f5dea298fbc1a74416b27de66e955573a3d58e0:v7:00,17bd347a47ce174d6b985c525f5dea298fbc1a74416b27de66e955573a3d58e0,https://ipolitics.ca/2021/06/07/lobby-wrap-bce-seeks-border-reopening-for-pro-sports/,ipolitics.ca,2021-06-07,ipolitics.ca,Lobby Wrap: BCE seeks border reopening for pro sports,ipolitics.ca,https://ipolitics.ca/2021/06/07/lobby-wrap-bce-seeks-border-reopening-for-pro-sports/,Revolving Door,Abigail Tait,Global Public Affairs,2021-2021,Constituency office of Brampton MP Karina Gould,2021-2021,Ontario,0,glm-5,v7,2026-07-31T16:12:30.423620+00:00
revolving_door_ca,revolving_door_ca:c32078e756ff8178eae15d3b0ed5cee80e79268912f8db921ca848e9e09fa5da:v7:00,c32078e756ff8178eae15d3b0ed5cee80e79268912f8db921ca848e9e09fa5da,https://ipolitics.ca/2021/06/07/lobby-wrap-bce-inc-seeking-border-reopening-for-professional-sports/,ipolitics.ca,2021-06-07,ipolitics.ca,Lobby Wrap: BCE Inc. seeking border reopening for professional sports,ipolitics.ca,https://ipolitics.ca/2021/06/07/lobby-wrap-bce-inc-seeking-border-reopening-for-professional-sports/,Revolving Door,Abigail Tait,Global Public Affairs,2021-2021,Constituency office of Brampton MP Karina Gould,2021-2021,Ontario,0,glm-5,v7,2026-07-31T16:12:30.423620+00:00
revolving_door_ca,revolving_door_ca:1ba4fb363c9c0c754d0169e86c8bfcf1a042b69623236d69250a6093aebe86e3:v7:00,1ba4fb363c9c0c754d0169e86c8bfcf1a042b69623236d69250a6093aebe86e3,https://ipolitics.ca/2021/06/21/lobby-wrap-toronto-munitions-company-looking-to-set-up-ukraine-plant/,ipolitics.ca,2021-06-21,ipolitics.ca,Lobby Wrap: Toronto munitions company looking to set up Ukraine plant,ipolitics.ca,https://ipolitics.ca/2021/06/21/lobby-wrap-toronto-munitions-company-looking-to-set-up-ukraine-plant/,Revolving Door,Bryan Detchou,Crestview Strategy,2021-2021,Senate of Canada,2019-2021,Ontario,0,glm-5,v7,2026-07-31T16:12:30.423620+00:00
revolving_door_ca,revolving_door_ca:14e432c7e155d78be0fb10fe1dc5ebf8bc7b7eab874b30449e68a76bb0c9110e:v7:00,14e432c7e155d78be0fb10fe1dc5ebf8bc7b7eab874b30449e68a76bb0c9110e,https://ipolitics.ca/2021/07/05/lobby-wrap-canopy-growth-taps-former-lib-to-lobby-about-weed/,ipolitics.ca,2021-07-05,ipolitics.ca,Lobby Wrap: Canopy Growth taps former Lib to lobby about weed,ipolitics.ca,https://ipolitics.ca/2021/07/05/lobby-wrap-canopy-growth-taps-former-lib-to-lobby-about-weed/,Revolving Door,Julie DeWolfe,GT & Company Executive Advisors,2021-2021,Liberal Research Bureau,2021-2021,Ontario,0,glm-5,v7,2026-07-31T16:12:30.423620+00:00
revolving_door_ca,revolving_door_ca:14e432c7e155d78be0fb10fe1dc5ebf8bc7b7eab874b30449e68a76bb0c9110e:v7:01,14e432c7e155d78be0fb10fe1dc5ebf8bc7b7eab874b30449e68a76bb0c9110e,https://ipolitics.ca/2021/07/05/lobby-wrap-canopy-growth-taps-former-lib-to-lobby-about-weed/,ipolitics.ca,2021-07-05,ipolitics.ca,Lobby Wrap: Canopy Growth taps former Lib to lobby about weed,ipolitics.ca,https://ipolitics.ca/2021/07/05/lobby-wrap-canopy-growth-taps-former-lib-to-lobby-about-weed/,Revolving Door,Julie DeWolfe,GT & Company Executive Advisors,2021-2021,Office of Ontario Liberal MPP Bob Chiarelli,2021-2021,Ontario,0,glm-5,v7,2026-07-31T16:12:30.423620+00:00
revolving_door_ca,revolving_door_ca:bf074413c7764ddabbff7b0f994d048ea0c1ef2514bef80b944ac0c1acbdfb61:v7:00,bf074413c7764ddabbff7b0f994d048ea0c1ef2514bef80b944ac0c1acbdfb61,https://nationalpost.com/opinion/terry-glavin-4,nationalpost.com,2021-09-24,nationalpost.com,Terry Glavin: Justin Trudeau went all in on China a decade ago — and nothing can shake his resolve,nationalpost.com,https://nationalpost.com/opinion/terry-glavin-4,Revolving Door,Dominic Barton,McKinsey & Company,,Government of Canada,2019-2021,Ontario,0,glm-5,v7,2026-07-31T16:19:09.206232+00:00
revolving_door_ca,revolving_door_ca:bf074413c7764ddabbff7b0f994d048ea0c1ef2514bef80b944ac0c1acbdfb61:v7:01,bf074413c7764ddabbff7b0f994d048ea0c1ef2514bef80b944ac0c1acbdfb61,https://nationalpost.com/opinion/terry-glavin-4,nationalpost.com,2021-09-24,nationalpost.com,Terry Glavin: Justin Trudeau went all in on China a decade ago — and nothing can shake his resolve,nationalpost.com,https://nationalpost.com/opinion/terry-glavin-4,Revolving Door,John McCallum,,,Government of Canada,2017-2019,Ontario,0,glm-5,v7,2026-07-31T16:19:09.206232+00:00
revolving_door_ca,revolving_door_ca:4f04aa0324694f3d262b1feb2410d17db17507c7c527f0873e69db6a416df807:v7:00,4f04aa0324694f3d262b1feb2410d17db17507c7c527f0873e69db6a416df807,https://www.hilltimes.com/2021/09/28/politics-this-morning-greens-annamie-paul-steps-down-after-disappointing-campaign-months-of-party-infighting/319648,www.hilltimes.com,2021-09-28,hilltimes.com,"Politics This Morning: Green’s Annamie Paul steps down after disappointing campaign, months of party infighting",hilltimes.com,https://www.hilltimes.com/2021/09/28/politics-this-morning-greens-annamie-paul-steps-down-after-disappointing-campaign-months-of-party-infighting/319648,Revolving Door,Navdeep Bains,CIBC,2021-2021,Government of Canada,,Ontario,0,glm-5,v7,2026-07-31T16:19:09.206232+00:00
revolving_door_ca,revolving_door_ca:fd15ab57582f7fd699c8c64597536afe10ed5e63e7f37faeea5ad9cc4fced783:v7:00,fd15ab57582f7fd699c8c64597536afe10ed5e63e7f37faeea5ad9cc4fced783,https://ipolitics.ca/2021/10/18/lobby-wrap-health-care-key-topic-as-feds-push-covid-vaccines/,ipolitics.ca,2021-10-18,ipolitics.ca,Lobby Wrap: Health care key topic as feds push COVID vaccines,ipolitics.ca,https://ipolitics.ca/2021/10/18/lobby-wrap-health-care-key-topic-as-feds-push-covid-vaccines/,Revolving Door,Yan Plante,TACT,2021-2021,"Office of the ministers of intergovernmental affairs, infrastructure, and transport",2006-2015,Quebec,0,glm-5,v7,2026-07-31T16:16:21.849716+00:00
revolving_door_ca,revolving_door_ca:b2c9b25f43fbab47460651e4bda8594c48e587b3639d5ed2fcf0ff59362c2349:v7:00,b2c9b25f43fbab47460651e4bda8594c48e587b3639d5ed2fcf0ff59362c2349,https://ipolitics.ca/2021/10/25/lobby-wrap-petroleum-and-energy-transition-tops-lobbying-circuit/,ipolitics.ca,2021-10-25,ipolitics.ca,Lobby Wrap: Petroleum and energy transition tops lobbying circuit,ipolitics.ca,https://ipolitics.ca/2021/10/25/lobby-wrap-petroleum-and-energy-transition-tops-lobbying-circuit/,Revolving Door,Ashton Arsenault,Crestview Strategy,2021-2021,Government of Canada,2013-2015,Quebec,0,glm-5,v7,2026-07-31T16:16:21.849716+00:00
revolving_door_ca,revolving_door_ca:852e9406899f21a2a96aead8cbb4de31145fe3bcf8e7a360781ab2b9b579d228:v7:00,852e9406899f21a2a96aead8cbb4de31145fe3bcf8e7a360781ab2b9b579d228,https://ipolitics.ca/2021/11/01/lobby-wrap-steel-industry-producer-seeks-support-post-tariffs/,ipolitics.ca,2021-11-01,ipolitics.ca,Lobby Wrap: Steel industry producer seeks support post tariffs,ipolitics.ca,https://ipolitics.ca/2021/11/01/lobby-wrap-steel-industry-producer-seeks-support-post-tariffs/,Revolving Door,Frédérik Larouche,StrategyCorp Inc.,2021-2021,Office of Liberal MP Steve MacKinnon,2015-2021,Quebec,0,glm-5,v7,2026-07-31T16:16:21.849716+00:00
revolving_door_ca,revolving_door_ca:852e9406899f21a2a96aead8cbb4de31145fe3bcf8e7a360781ab2b9b579d228:v7:01,852e9406899f21a2a96aead8cbb4de31145fe3bcf8e7a360781ab2b9b579d228,https://ipolitics.ca/2021/11/01/lobby-wrap-steel-industry-producer-seeks-support-post-tariffs/,ipolitics.ca,2021-11-01,ipolitics.ca,Lobby Wrap: Steel industry producer seeks support post tariffs,ipolitics.ca,https://ipolitics.ca/2021/11/01/lobby-wrap-steel-industry-producer-seeks-support-post-tariffs/,Revolving Door,Yan Plante,TACT,2021-2021,"Transport, Infrastructure, Communities and Intergovernmental Affairs and the Economic Development Agency of Canada for the Regions of Quebec",2006-2015,Quebec,0,glm-5,v7,2026-07-31T16:16:21.849716+00:00
revolving_door_ca,revolving_door_ca:c9dc3af9f4719c4fd3b5381f0c1d4c0b449d352a0e94a2aba3bc7c4a55cfc52f:v7:00,c9dc3af9f4719c4fd3b5381f0c1d4c0b449d352a0e94a2aba3bc7c4a55cfc52f,https://globalnews.ca/news/8374037/new-guide-aims-improved-mental-health-hill-staff-better-decisions/,globalnews.ca,2021-11-15,globalnews.ca,"New Guide aims at improved mental health for Hill staff, better decisions",globalnews.ca,https://globalnews.ca/news/8374037/new-guide-aims-improved-mental-health-hill-staff-better-decisions/,Revolving Door,Matthew Conway,Capital Hill Group,2021-2021,Office of Ontario cabinet minister Caroline Mulroney,2021-2021,Ontario,0,glm-5,v7,2026-07-31T16:19:39.473139+00:00
revolving_door_ca,revolving_door_ca:b70e0256a78069a93de0c7a518dabeb1cc4968d2e8880b4acb1c50b1fe5b9f3d:v7:00,b70e0256a78069a93de0c7a518dabeb1cc4968d2e8880b4acb1c50b1fe5b9f3d,https://nationalpost.com/news/politics/who-will-regulate-the-regulators-big-tech-and-their-influence-on-policy,nationalpost.com,2022-01-20,nationalpost.com,Who will regulate the regulators? Big Tech and their influence on government policy,nationalpost.com,https://nationalpost.com/news/politics/who-will-regulate-the-regulators-big-tech-and-their-influence-on-policy,Revolving Door,Kevin Chan,Facebook,2022-2022,Heritage Minister's staff,2022-2022,Ontario,0,glm-5,v7,2026-07-31T16:19:39.473139+00:00
revolving_door_ca,revolving_door_ca:b70e0256a78069a93de0c7a518dabeb1cc4968d2e8880b4acb1c50b1fe5b9f3d:v7:01,b70e0256a78069a93de0c7a518dabeb1cc4968d2e8880b4acb1c50b1fe5b9f3d,https://nationalpost.com/news/politics/who-will-regulate-the-regulators-big-tech-and-their-influence-on-policy,nationalpost.com,2022-01-20,nationalpost.com,Who will regulate the regulators? Big Tech and their influence on government policy,nationalpost.com,https://nationalpost.com/news/politics/who-will-regulate-the-regulators-big-tech-and-their-influence-on-policy,Revolving Door,,Google,2022-2022,Finance Minister's office,2022-2022,Ontario,0,glm-5,v7,2026-07-31T16:19:39.473139+00:00
revolving_door_ca,revolving_door_ca:69f18a988f482204e974091f33953b0ab2398aa3c68858a546b7a53ae3f98508:v7:00,69f18a988f482204e974091f33953b0ab2398aa3c68858a546b7a53ae3f98508,https://calgary.ctvnews.ca/capp-lobby-group-names-lisa-baiton-as-new-president-and-ceo-1.5878943,calgary.ctvnews.ca,2022-04-27,ctvnews.ca,CAPP lobby group names Lisa Baiton as new president and CEO,ctvnews.ca,https://calgary.ctvnews.ca/capp-lobby-group-names-lisa-baiton-as-new-president-and-ceo-1.5878943,Revolving Door,Lisa Baiton,Canadian Association of Petroleum Producers,2022-2022,Canada Pension Plan Investment Board,,Alberta,0,glm-5,v7,2026-07-31T16:16:21.849716+00:00
revolving_door_ca,revolving_door_ca:ba6e5962126a6a472523ea8c02477244702350b29f9e6097d5f4b3e9d5bfc469:v7:00,ba6e5962126a6a472523ea8c02477244702350b29f9e6097d5f4b3e9d5bfc469,https://www.intelligencer.ca/news/ontario-votes-meet-your-bay-of-quinte-riding-candidates,www.intelligencer.ca,2022-05-31,intelligencer.ca,Ontario Votes: Meet your Bay of Quinte riding candidates,intelligencer.ca,https://www.intelligencer.ca/news/ontario-votes-meet-your-bay-of-quinte-riding-candidates,Revolving Door,Rob Collins,Complete Rent-Alls / Quinte Rent-Alls,2022-2022,Ontario Fire Service,2022-2022,Ontario,0,nemotron-3-super,v7,2026-07-31T09:42:59.910182+00:00
revolving_door_ca,revolving_door_ca:3fc28c98dda21740f906d30983403093a956087e3aa808efc1eef26da82b51f1:v7:00,3fc28c98dda21740f906d30983403093a956087e3aa808efc1eef26da82b51f1,https://www.nationalobserver.com/2022/06/13/news/conservative-climate-conspiracy,www.nationalobserver.com,2022-06-13,nationalobserver.com,A Conservative climate conspiracy,nationalobserver.com,https://www.nationalobserver.com/2022/06/13/news/conservative-climate-conspiracy,Revolving Door,Ken Boessenkool,Conservatives for Clean Growth,2022,Prime Minister's Office,2022,Alberta,0,nemotron-3-super,v7,2026-07-31T09:43:36.269510+00:00
revolving_door_ca,revolving_door_ca:3fc28c98dda21740f906d30983403093a956087e3aa808efc1eef26da82b51f1:v7:01,3fc28c98dda21740f906d30983403093a956087e3aa808efc1eef26da82b51f1,https://www.nationalobserver.com/2022/06/13/news/conservative-climate-conspiracy,www.nationalobserver.com,2022-06-13,nationalobserver.com,A Conservative climate conspiracy,nationalobserver.com,https://www.nationalobserver.com/2022/06/13/news/conservative-climate-conspiracy,Revolving Door,Lisa Raitt,Conservatives for Clean Growth,2022,Federal Cabinet,2022,Alberta,0,nemotron-3-super,v7,2026-07-31T09:43:36.269510+00:00
revolving_door_ca,revolving_door_ca:3fc28c98dda21740f906d30983403093a956087e3aa808efc1eef26da82b51f1:v7:02,3fc28c98dda21740f906d30983403093a956087e3aa808efc1eef26da82b51f1,https://www.nationalobserver.com/2022/06/13/news/conservative-climate-conspiracy,www.nationalobserver.com,2022-06-13,nationalobserver.com,A Conservative climate conspiracy,nationalobserver.com,https://www.nationalobserver.com/2022/06/13/news/conservative-climate-conspiracy,Revolving Door,Jim Dinning,Conservatives for Clean Growth,2022,Legislative Assembly of Alberta,2022,Alberta,0,nemotron-3-super,v7,2026-07-31T09:43:36.269510+00:00
revolving_door_ca,revolving_door_ca:c832173dfde717b57482b7b5668c2f29b80d85a7a88aad66f2fb493e8aec908f:v7:00,c832173dfde717b57482b7b5668c2f29b80d85a7a88aad66f2fb493e8aec908f,https://www.winnipegfreepress.com/local/2022/10/28/politics-in-her-blood,www.winnipegfreepress.com,2022-10-28,winnipegfreepress.com,Stefanson has no regrets as she works to build her political brand,winnipegfreepress.com,https://www.winnipegfreepress.com/local/2022/10/28/politics-in-her-blood,Revolving Door,Heather Stefanson,Wellington West Capital,,Legislative Assembly of Manitoba,2000-2022,Manitoba,0,glm-5,v7,2026-07-31T16:03:06.901158+00:00
revolving_door_ca,revolving_door_ca:4e82a2591f5dfa502afb3609935692e7725ecf4e1c1aac0d10ef72fe6cde88bd:v7:00,4e82a2591f5dfa502afb3609935692e7725ecf4e1c1aac0d10ef72fe6cde88bd,https://www.nationalobserver.com/2023/01/11/investigations/big-oil-lobbying-parliament-hill,www.nationalobserver.com,2023-01-11,nationalobserver.com,Investigation: Big Oil’s most powerful lobby group held more meetings with feds in 2020 than any other year on record,nationalobserver.com,https://www.nationalobserver.com/2023/01/11/investigations/big-oil-lobbying-parliament-hill,Revolving Door,Paul Barnes,Canadian Association of Petroleum Producers,2023,Canada-Newfoundland Offshore Petroleum Board,2023,Newfoundland and Labrador,0,nemotron-3-super,v7,2026-07-31T09:28:08.310153+00:00
revolving_door_ca,revolving_door_ca:4e82a2591f5dfa502afb3609935692e7725ecf4e1c1aac0d10ef72fe6cde88bd:v7:01,4e82a2591f5dfa502afb3609935692e7725ecf4e1c1aac0d10ef72fe6cde88bd,https://www.nationalobserver.com/2023/01/11/investigations/big-oil-lobbying-parliament-hill,www.nationalobserver.com,2023-01-11,nationalobserver.com,Investigation: Big Oil’s most powerful lobby group held more meetings with feds in 2020 than any other year on record,nationalobserver.com,https://www.nationalobserver.com/2023/01/11/investigations/big-oil-lobbying-parliament-hill,Revolving Door,Claire Hafner,Canadian Association of Petroleum Producers,2023,Office of MP Earl Dreeshen,2023,Ontario,0,nemotron-3-super,v7,2026-07-31T09:28:08.310153+00:00
revolving_door_ca,revolving_door_ca:4e82a2591f5dfa502afb3609935692e7725ecf4e1c1aac0d10ef72fe6cde88bd:v7:02,4e82a2591f5dfa502afb3609935692e7725ecf4e1c1aac0d10ef72fe6cde88bd,https://www.nationalobserver.com/2023/01/11/investigations/big-oil-lobbying-parliament-hill,www.nationalobserver.com,2023-01-11,nationalobserver.com,Investigation: Big Oil’s most powerful lobby group held more meetings with feds in 2020 than any other year on record,nationalobserver.com,https://www.nationalobserver.com/2023/01/11/investigations/big-oil-lobbying-parliament-hill,Revolving Door,Paul Hartzheim,Canadian Association of Petroleum Producers,2023,National Energy Board,2023,Ontario,0,nemotron-3-super,v7,2026-07-31T09:28:08.310153+00:00
revolving_door_ca,revolving_door_ca:6e431daa7373719f0495274ea303e48edbe903447d2444e1f0f69f6a037035f0:v7:00,6e431daa7373719f0495274ea303e48edbe903447d2444e1f0f69f6a037035f0,https://www.ctvnews.ca/canada/david-onley-former-broadcaster-and-ont-lieutenant-governor-dies-at-age-72-1.6231324,www.ctvnews.ca,2023-01-14,ctvnews.ca,"David Onley, former broadcaster and Ont. lieutenant-governor, dies at age 72",ctvnews.ca,https://www.ctvnews.ca/canada/david-onley-former-broadcaster-and-ont-lieutenant-governor-dies-at-age-72-1.6231324,Revolving Door,David Onley,CityTV,1984-2007,Office of the Lieutenant Governor of Ontario,2007-2014,Ontario,0,glm-5,v7,2026-07-31T16:03:52.541530+00:00
revolving_door_ca,revolving_door_ca:6e431daa7373719f0495274ea303e48edbe903447d2444e1f0f69f6a037035f0:v7:01,6e431daa7373719f0495274ea303e48edbe903447d2444e1f0f69f6a037035f0,https://www.ctvnews.ca/canada/david-onley-former-broadcaster-and-ont-lieutenant-governor-dies-at-age-72-1.6231324,www.ctvnews.ca,2023-01-14,ctvnews.ca,"David Onley, former broadcaster and Ont. lieutenant-governor, dies at age 72",ctvnews.ca,https://www.ctvnews.ca/canada/david-onley-former-broadcaster-and-ont-lieutenant-governor-dies-at-age-72-1.6231324,Revolving Door,David Onley,CP24,1999-2007,Office of the Lieutenant Governor of Ontario,2007-2014,Ontario,0,glm-5,v7,2026-07-31T16:03:52.541530+00:00
revolving_door_ca,revolving_door_ca:38297c45cbd6ce9da7ec5ea4aeb29e403f8f33b73e25a7a4b6c62bf940d1af9d:v7:00,38297c45cbd6ce9da7ec5ea4aeb29e403f8f33b73e25a7a4b6c62bf940d1af9d,https://www.winnipegfreepress.com/opinion/analysis/2023/01/20/mckinsey-contracts-could-cost-trudeau,www.winnipegfreepress.com,2023-01-20,winnipegfreepress.com,McKinsey contracts could cost Trudeau,winnipegfreepress.com,https://www.winnipegfreepress.com/opinion/analysis/2023/01/20/mckinsey-contracts-could-cost-trudeau,Revolving Door,Dominic Barton,McKinsey & Company,2018-2019,Embassy of Canada to China,2019-2023,Ontario,0,glm-5,v7,2026-07-31T16:03:52.541530+00:00
revolving_door_ca,revolving_door_ca:f4cf0563c65dd9fb88c8ed481fc1f64c3aa7ff24da82181642bc20365678b7a2:v7:00,f4cf0563c65dd9fb88c8ed481fc1f64c3aa7ff24da82181642bc20365678b7a2,https://edmontonjournal.com/opinion/columnists/opinion-level-the-playing-field-between-communities-and-developers,edmontonjournal.com,2023-02-08,edmontonjournal.com,Opinion: Level the playing field between communities and developers,edmontonjournal.com,https://edmontonjournal.com/opinion/columnists/opinion-level-the-playing-field-between-communities-and-developers,Revolving Door,,developer consulting firm,2023-2023,City of Edmonton,2023-2023,Alberta,0,glm-5,v7,2026-07-31T16:04:25.208020+00:00
revolving_door_ca,revolving_door_ca:89f593bc4c89683a8f8380200d90697a1dc8077f6337ca3ec2e57bf5b3a70925:v7:00,89f593bc4c89683a8f8380200d90697a1dc8077f6337ca3ec2e57bf5b3a70925,https://www.thestar.com/news/canada/2023/02/20/well-intentioned-danielle-smiths-new-plan-hits-a-nerve-in-oil-soaked-alberta.html,www.thestar.com,2023-02-20,thestar.com,Well-intentioned? Danielle Smith’s new plan hits a nerve in Alberta,thestar.com,https://www.thestar.com/news/canada/2023/02/20/well-intentioned-danielle-smiths-new-plan-hits-a-nerve-in-oil-soaked-alberta.html,Revolving Door,Danielle Smith,,2023-2023,Alberta,2023-2023,Alberta,0,glm-5,v7,2026-07-31T16:04:25.208020+00:00
revolving_door_ca,revolving_door_ca:26f3cda0fb0df982245d26d0e6406116bb955194ca83bb7df2a2bce610f0480b:v7:00,26f3cda0fb0df982245d26d0e6406116bb955194ca83bb7df2a2bce610f0480b,https://www.winnipegfreepress.com/breakingnews/2023/05/27/health-cares-revolving-door-concerning,www.winnipegfreepress.com,2023-05-27,winnipegfreepress.com,Health care’s ‘revolving door’ concerning,winnipegfreepress.com,https://www.winnipegfreepress.com/breakingnews/2023/05/27/health-cares-revolving-door-concerning,Revolving Door,Jennifer Bjarnarson,,2023-2023,Shared Health,2022-2023,Manitoba,0,glm-5,v7,2026-07-31T16:16:21.849716+00:00
revolving_door_ca,revolving_door_ca:26f3cda0fb0df982245d26d0e6406116bb955194ca83bb7df2a2bce610f0480b:v7:01,26f3cda0fb0df982245d26d0e6406116bb955194ca83bb7df2a2bce610f0480b,https://www.winnipegfreepress.com/breakingnews/2023/05/27/health-cares-revolving-door-concerning,www.winnipegfreepress.com,2023-05-27,winnipegfreepress.com,Health care’s ‘revolving door’ concerning,winnipegfreepress.com,https://www.winnipegfreepress.com/breakingnews/2023/05/27/health-cares-revolving-door-concerning,Revolving Door,Michael Powell,Manitoba Public Insurance,2023-2023,Shared Health,2022-2023,Manitoba,0,glm-5,v7,2026-07-31T16:16:21.849716+00:00
revolving_door_ca,revolving_door_ca:26f3cda0fb0df982245d26d0e6406116bb955194ca83bb7df2a2bce610f0480b:v7:02,26f3cda0fb0df982245d26d0e6406116bb955194ca83bb7df2a2bce610f0480b,https://www.winnipegfreepress.com/breakingnews/2023/05/27/health-cares-revolving-door-concerning,www.winnipegfreepress.com,2023-05-27,winnipegfreepress.com,Health care’s ‘revolving door’ concerning,winnipegfreepress.com,https://www.winnipegfreepress.com/breakingnews/2023/05/27/health-cares-revolving-door-concerning,Revolving Door,Kevin MacFarlane,Manitoba Association of Health Care Professionals,2023-2023,Shared Health,2022-2023,Manitoba,0,glm-5,v7,2026-07-31T16:16:21.849716+00:00
revolving_door_ca,revolving_door_ca:580f9128e749de62eae00f90d014cee71015b9d03d0a256118ad4fd9b4e164b6:v7:00,580f9128e749de62eae00f90d014cee71015b9d03d0a256118ad4fd9b4e164b6,https://globalnews.ca/news/9781944/rogers-navdeep-bains-liberal-minister-loophole/,globalnews.ca,2023-06-20,globalnews.ca,"Fix loophole that allowed ex-MP to nab top Rogers job, ‘frustrated’ official says",globalnews.ca,https://globalnews.ca/news/9781944/rogers-navdeep-bains-liberal-minister-loophole/,Revolving Door,Navdeep Bains,Rogers,2023-2023,Government of Canada,2015-2021,Ontario,0,glm-5,v7,2026-07-31T16:04:48.887063+00:00
revolving_door_ca,revolving_door_ca:8fa0c1ff06e95431101f70d042f8b928ad63cf81741dc607f6c7c9e03f2e73b6:v7:00,8fa0c1ff06e95431101f70d042f8b928ad63cf81741dc607f6c7c9e03f2e73b6,https://www.brandonsun.com/national/2023/06/20/loophole-allows-former-officials-to-lobby-for-corporations-lobbying-commissioner,www.brandonsun.com,2023-06-20,brandonsun.com,Lobbying commissioner calls for closing loopholes,brandonsun.com,https://www.brandonsun.com/national/2023/06/20/loophole-allows-former-officials-to-lobby-for-corporations-lobbying-commissioner,Revolving Door,Navdeep Bains,Rogers,2023-2023,Government of Canada,2015-2021,Ontario,0,glm-5,v7,2026-07-31T16:16:21.849716+00:00
revolving_door_ca,revolving_door_ca:9cd5a6f888d9b02ef3bd8909896f6839211d530b8a3366b0c7901c34bd79412e:v7:00,9cd5a6f888d9b02ef3bd8909896f6839211d530b8a3366b0c7901c34bd79412e,https://www.kelownadailycourier.ca/news/national_news/article_02e20d26-5ae8-5e38-8f38-9691f871c15d.html,www.kelownadailycourier.ca,2023-06-20,kelownadailycourier.ca,Loophole allows former officials to lobby for corporations: lobbying commissioner,kelownadailycourier.ca,https://www.kelownadailycourier.ca/news/national_news/article_02e20d26-5ae8-5e38-8f38-9691f871c15d.html,Revolving Door,Navdeep Bains,Rogers,2023-2023,Government of Canada,2015-2021,Ontario,0,glm-5,v7,2026-07-31T16:16:21.849716+00:00
revolving_door_ca,revolving_door_ca:a9902030fce24e6d6c61113b77f776547485cda7aff4fdac99f7af461b67f877:v7:00,a9902030fce24e6d6c61113b77f776547485cda7aff4fdac99f7af461b67f877,https://globalnews.ca/news/9782750/ana-bailao-toronto-mayoral-candidate/,globalnews.ca,2023-06-21,globalnews.ca,"Is mayoral hopeful Ana Bailao a consensus builder, or keeper of Toronto’s status quo?",globalnews.ca,https://globalnews.ca/news/9782750/ana-bailao-toronto-mayoral-candidate/,Revolving Door,Ana Bailao,Toronto developer,2022-2023,Toronto City Council,2010-2022,Ontario,0,glm-5,v7,2026-07-31T16:04:48.887063+00:00
revolving_door_ca,revolving_door_ca:ac6901a9dae805b9c38ac1ef38bc6ee8ab0b19326030fa9a5025228acdb31c3e:v7:00,ac6901a9dae805b9c38ac1ef38bc6ee8ab0b19326030fa9a5025228acdb31c3e,https://www.nationalobserver.com/2023/07/19/analysis/big-oil-rebrands-lobbying-efforts,www.nationalobserver.com,2023-07-19,nationalobserver.com,Big Oil rebrands its lobbying efforts,nationalobserver.com,https://www.nationalobserver.com/2023/07/19/analysis/big-oil-rebrands-lobbying-efforts,Revolving Door,Lisa Baiton,Canadian Association of Petroleum Producers,2022-2023,Canada Pension Plan,2012-2022,Alberta,0,glm-5,v7,2026-07-31T16:17:17.049545+00:00
revolving_door_ca,revolving_door_ca:883c8a27074f134eedb44d1a16cf86de856f56dd51c3049548c38cea04e2d1fb:v7:00,883c8a27074f134eedb44d1a16cf86de856f56dd51c3049548c38cea04e2d1fb,https://www.winnipegfreepress.com/arts-and-life/life/health/2023/09/27/what-we-know-about-the-company-linked-to-the-e-coli-outbreak-at-calgary-daycares,www.winnipegfreepress.com,2023-09-27,winnipegfreepress.com,A look at the company linked to E. coli outbreak,winnipegfreepress.com,https://www.winnipegfreepress.com/arts-and-life/life/health/2023/09/27/what-we-know-about-the-company-linked-to-the-e-coli-outbreak-at-calgary-daycares,Revolving Door,Kent Hehr,Fueling Brains,2021-2023,Liberal government,2018-2019,Alberta,0,glm-5,v7,2026-07-31T16:05:45.500808+00:00
revolving_door_ca,revolving_door_ca:361b89b198abb4854ea376eb96270605f9f80ca66337b4668469d6fac4077882:v7:00,361b89b198abb4854ea376eb96270605f9f80ca66337b4668469d6fac4077882,https://www.brandonsun.com/national/2023/10/21/ndp-changes-mpis-board-in-bid-to-end-strike,www.brandonsun.com,2023-10-21,brandonsun.com,NDP changes MPI’s board in bid to end strike,brandonsun.com,https://www.brandonsun.com/national/2023/10/21/ndp-changes-mpis-board-in-bid-to-end-strike,Revolving Door,Luke Johnston,Manitoba Blue Cross,2023,Manitoba Public Insurance,,Manitoba,0,glm-5,v7,2026-07-31T16:05:45.500808+00:00
revolving_door_ca,revolving_door_ca:361b89b198abb4854ea376eb96270605f9f80ca66337b4668469d6fac4077882:v7:01,361b89b198abb4854ea376eb96270605f9f80ca66337b4668469d6fac4077882,https://www.brandonsun.com/national/2023/10/21/ndp-changes-mpis-board-in-bid-to-end-strike,www.brandonsun.com,2023-10-21,brandonsun.com,NDP changes MPI’s board in bid to end strike,brandonsun.com,https://www.brandonsun.com/national/2023/10/21/ndp-changes-mpis-board-in-bid-to-end-strike,Revolving Door,Marilyn McLaren,,,Manitoba Public Insurance,,Manitoba,0,glm-5,v7,2026-07-31T16:05:45.500808+00:00
revolving_door_ca,revolving_door_ca:a6152ae81e7b084fd7fc5b7d2bc446a9dcd85e7ba0183c120e26b2bdbd9643b9:v7:00,a6152ae81e7b084fd7fc5b7d2bc446a9dcd85e7ba0183c120e26b2bdbd9643b9,https://www.theglobeandmail.com/opinion/article-quebecs-plan-to-introduce-its-own-streaming-rules-will-be-a-minefield/,www.theglobeandmail.com,2024-02-19,theglobeandmail.com,Quebec’s plan to introduce its own streaming rules will be a minefield for the CRTC,theglobeandmail.com,https://www.theglobeandmail.com/opinion/article-quebecs-plan-to-introduce-its-own-streaming-rules-will-be-a-minefield/,Revolving Door,Peter Menzies,Macdonald-Laurier Institute,2024,Canadian Radio-television and Telecommunications Commission,,Quebec,0,glm-5,v7,2026-07-31T16:05:45.500808+00:00
revolving_door_ca,revolving_door_ca:4f0eb8cffa9a0dae9900b2320de828b63324cc426bd81de158bcf9c35593cdaf:v7:00,4f0eb8cffa9a0dae9900b2320de828b63324cc426bd81de158bcf9c35593cdaf,https://www.nationalobserver.com/2024/02/29/news/former-prime-minister-brian-mulroney-dead,www.nationalobserver.com,2024-02-29,nationalobserver.com,Former prime minister Brian Mulroney dead at 84,nationalobserver.com,https://www.nationalobserver.com/2024/02/29/news/former-prime-minister-brian-mulroney-dead,Revolving Door,Brian Mulroney,Iron Ore Co. of Canada,1977-1984,Government of Canada,1984-1993,Quebec,0,glm-5,v7,2026-07-31T16:05:45.500808+00:00
revolving_door_ca,revolving_door_ca:8a552c45d933f3e460f123bf06ee54eaaa4b349eef234a7523d54f6a4386b0a1:v7:00,8a552c45d933f3e460f123bf06ee54eaaa4b349eef234a7523d54f6a4386b0a1,https://www.theglobeandmail.com/politics/article-senior-mps-former-assistant-breached-lobbying-code-watchdog-finds/,www.theglobeandmail.com,2024-03-04,theglobeandmail.com,"Senior MP’s former assistant breached lobbying code, watchdog finds",theglobeandmail.com,https://www.theglobeandmail.com/politics/article-senior-mps-former-assistant-breached-lobbying-code-watchdog-finds/,Revolving Door,Dan Lovell,Sussex Strategy,2022-2024,Office of MP Vance Badawey,2018-2022,Ontario,0,glm-5,v7,2026-07-31T16:17:17.049545+00:00
revolving_door_ca,revolving_door_ca:7514184485fdbda11fc88808080670803290f2ddfc97bd389bd7c1fe494efdbd:v7:00,7514184485fdbda11fc88808080670803290f2ddfc97bd389bd7c1fe494efdbd,https://www.theglobeandmail.com/canada/article-ontario-ford-budget-housing-preview/,www.theglobeandmail.com,2024-03-24,theglobeandmail.com,"Ontario to unveil provincial budget Tuesday, as province faces growing economic uncertainty",theglobeandmail.com,https://www.theglobeandmail.com/canada/article-ontario-ford-budget-housing-preview/,Revolving Door,Laryssa Waler,GT and Company,2024-2024,Premier of Ontario's office,2024-2024,Ontario,0,glm-5,v7,2026-07-31T16:07:14.661372+00:00
revolving_door_ca,revolving_door_ca:a81fe4e920f3ab887d3e53f476c208b1fc10c41f711e87764f0a50b804d586b8:v7:00,a81fe4e920f3ab887d3e53f476c208b1fc10c41f711e87764f0a50b804d586b8,https://www.nationalobserver.com/2024/04/15/news/sustainable-jobs-act-heads-senate,www.nationalobserver.com,2024-04-15,nationalobserver.com,Sustainable jobs act heads to the Senate,nationalobserver.com,https://www.nationalobserver.com/2024/04/15/news/sustainable-jobs-act-heads-senate,Revolving Door,Tim McMillan,Canadian Association of Petroleum Producers,2014-2024,,2014-2024,Alberta,0,glm-5,v7,2026-07-31T16:07:14.661372+00:00
revolving_door_ca,revolving_door_ca:cd4f61c9a49a85af38c41192dd9407f47f7867ec9c79d8a188ebf578c2b4fa5e:v7:00,cd4f61c9a49a85af38c41192dd9407f47f7867ec9c79d8a188ebf578c2b4fa5e,https://globalnews.ca/news/10457118/randy-boissonnault-global-health-imports-lawsuit/,globalnews.ca,2024-05-01,globalnews.ca,Federal cabinet minister Randy Boissonnault linked to PPE company embroiled in lawsuits,globalnews.ca,https://globalnews.ca/news/10457118/randy-boissonnault-global-health-imports-lawsuit/,Revolving Door,Randy Boissonnault,Global Health Imports Corporation,2020-2021,Government of Canada,2021-2024,Alberta,0,glm-5,v7,2026-07-31T16:07:14.661372+00:00
revolving_door_ca,revolving_door_ca:37daaa7c3b14d8104cc8670dd78893b2357e388aea51a253acbf4830f2232bbd:v7:00,37daaa7c3b14d8104cc8670dd78893b2357e388aea51a253acbf4830f2232bbd,https://www.nationalobserver.com/2024/05/24/news/Bonnie-Crombie-Ontario-Greenbelt-scandal,www.nationalobserver.com,2024-05-24,nationalobserver.com,Liberal leader wants RCMP to look at new Greenbelt details,nationalobserver.com,https://www.nationalobserver.com/2024/05/24/news/Bonnie-Crombie-Ontario-Greenbelt-scandal,Revolving Door,Carlo Oliviero,Edelman Global Advisory Toronto,2024-2024,Premier of Ontario's office,2024-2024,Ontario,0,glm-5,v7,2026-07-31T16:07:14.661372+00:00
revolving_door_ca,revolving_door_ca:d0d1423b79d1f430456d35961b7cc2da2af2289280facbaf32139be04b195ce6:v7:00,d0d1423b79d1f430456d35961b7cc2da2af2289280facbaf32139be04b195ce6,https://globalnews.ca/news/10542412/boissonnault-ethics-inquiry/,globalnews.ca,2024-06-04,globalnews.ca,A reader’s guide to the Boissonnault inquiry,globalnews.ca,https://globalnews.ca/news/10542412/boissonnault-ethics-inquiry/,Revolving Door,Randy Boissonnault,Xennex Venture Catalysts,2019-2021,Government of Canada,2021-2024,Alberta,0,glm-5,v7,2026-07-31T16:07:14.661372+00:00
revolving_door_ca,revolving_door_ca:2f8260643d27d0f8d933b80faacc2a1e863e52c4c9edff1185bd11409314df0d:v7:00,2f8260643d27d0f8d933b80faacc2a1e863e52c4c9edff1185bd11409314df0d,https://globalnews.ca/news/10560531/liberals-filibustering-boissonnault-witnesses/,globalnews.ca,2024-06-11,globalnews.ca,Liberals accused of ‘filibustering’ vote on motion to have Boissonnault witnesses testify,globalnews.ca,https://globalnews.ca/news/10560531/liberals-filibustering-boissonnault-witnesses/,Revolving Door,Randy Boissonnault,Global Health Imports,2021-2021,Edmonton Centre,2021-2024,Alberta,0,glm-5,v7,2026-07-31T16:07:55.653277+00:00
revolving_door_ca,revolving_door_ca:be2604f9902adbd5f71c6136ad3826f24bc25968c0392473aef3e503df762ff9:v7:00,be2604f9902adbd5f71c6136ad3826f24bc25968c0392473aef3e503df762ff9,https://globalnews.ca/news/10562483/boissonnaults-business-associates-ethics-committee/,globalnews.ca,2024-06-12,globalnews.ca,Boissonnault’s business associates to testify before ethics committee,globalnews.ca,https://globalnews.ca/news/10562483/boissonnaults-business-associates-ethics-committee/,Revolving Door,Randy Boissonnault,Global Health Imports,2021-2021,Edmonton Centre,2021-2024,Alberta,0,glm-5,v7,2026-07-31T16:07:55.653277+00:00
revolving_door_ca,revolving_door_ca:2dbaf2cec864a0fe71036b1b27ab1bfd4728993f5661037cf038c2437a66754e:v7:00,2dbaf2cec864a0fe71036b1b27ab1bfd4728993f5661037cf038c2437a66754e,https://www.niagarafallsreview.ca/news/canada/leaked-tc-energy-recording-prompts-b-c-to-probe-claims-of-outsized-lobbying-influence-on/article_7091a6c7-da6f-56c7-95f1-02915989ef9d.html,www.niagarafallsreview.ca,2024-06-26,niagarafallsreview.ca,Leaked TC Energy recording prompts B.C. to probe claims of outsized lobbying influence on government,niagarafallsreview.ca,https://www.niagarafallsreview.ca/news/canada/leaked-tc-energy-recording-prompts-b-c-to-probe-claims-of-outsized-lobbying-influence-on/article_7091a6c7-da6f-56c7-95f1-02915989ef9d.html,Revolving Door,Liam Iliffe,TC Energy,2023-2024,Office of the Premier of British Columbia,2021-2022,British Columbia,0,glm-5,v7,2026-07-31T16:17:17.049545+00:00
revolving_door_ca,revolving_door_ca:5b6f37a43201e64935e109e89420b76228f099f14b1d97831848238fbaf0bf48:v7:00,5b6f37a43201e64935e109e89420b76228f099f14b1d97831848238fbaf0bf48,https://globalnews.ca/news/10605063/ethics-commissioner-will-not-investigate-randy-boissonnault/,globalnews.ca,2024-07-04,globalnews.ca,Ethics commissioner will not investigate cabinet minister Randy Boissonnault over texts,globalnews.ca,https://globalnews.ca/news/10605063/ethics-commissioner-will-not-investigate-randy-boissonnault/,Revolving Door,Randy Boissonnault,Global Health Imports,2021-2021,Edmonton Centre,2021-2024,Alberta,0,glm-5,v7,2026-07-31T16:07:55.653277+00:00
revolving_door_ca,revolving_door_ca:86cf8c7ffb113fc136eb5c5913d3989358499c65ff1e013ff4777d5ec6b54b68:v7:00,86cf8c7ffb113fc136eb5c5913d3989358499c65ff1e013ff4777d5ec6b54b68,https://globalnews.ca/news/10793613/house-of-commons-business-conservatives-corruption/,globalnews.ca,2024-10-03,globalnews.ca,House of Commons grinds to halt over allegations of Liberal ‘corruption’,globalnews.ca,https://globalnews.ca/news/10793613/house-of-commons-business-conservatives-corruption/,Revolving Door,Mark Carney,Brookfield Asset Management,2024-2024,Bank of Canada,,Ontario,0,glm-5,v7,2026-07-31T16:07:55.653277+00:00
revolving_door_ca,revolving_door_ca:1170141d3b95d71d19a94d064fe66d7cac7a862677c48935973bb53005de3576:v7:00,1170141d3b95d71d19a94d064fe66d7cac7a862677c48935973bb53005de3576,https://www.thestar.com/politics/doug-ford-aide-turned-greenbelt-lobbyist-broke-rules-ethics-watchdog-says/article_14b1f96c-e7a3-583c-8f18-3de5ad732c6a.html,www.thestar.com,2025-03-31,thestar.com,"Doug Ford aide-turned Greenbelt lobbyist broke rules, ethics watchdog says",thestar.com,https://www.thestar.com/politics/doug-ford-aide-turned-greenbelt-lobbyist-broke-rules-ethics-watchdog-says/article_14b1f96c-e7a3-583c-8f18-3de5ad732c6a.html,Revolving Door,Nico Fidani-Diker,ONpoint Strategy Group,2022-2025,Office of the Premier of Ontario,2018-2020,Ontario,0,glm-5,v7,2026-07-31T16:17:17.049545+00:00
revolving_door_ca,revolving_door_ca:39bb68b97125709a932f491d8e0d45a66f417d43fe25a46fc9927984b20df436:v7:00,39bb68b97125709a932f491d8e0d45a66f417d43fe25a46fc9927984b20df436,https://www.theglobeandmail.com/canada/article-greenbelt-ontario-ford-integrity-commissioner-report/,www.theglobeandmail.com,2025-03-31,theglobeandmail.com,"Lobbyist and former Ford aide broke rules with Greenbelt clients, ethics watchdog says",theglobeandmail.com,https://www.theglobeandmail.com/canada/article-greenbelt-ontario-ford-integrity-commissioner-report/,Revolving Door,Nico Fidani-Diker,ONpoint Strategy Group,2022-2025,Office of the Premier of Ontario,2018-2020,Ontario,0,glm-5,v7,2026-07-31T16:17:17.049545+00:00
revolving_door_ca,revolving_door_ca:39bb68b97125709a932f491d8e0d45a66f417d43fe25a46fc9927984b20df436:v7:01,39bb68b97125709a932f491d8e0d45a66f417d43fe25a46fc9927984b20df436,https://www.theglobeandmail.com/canada/article-greenbelt-ontario-ford-integrity-commissioner-report/,www.theglobeandmail.com,2025-03-31,theglobeandmail.com,"Lobbyist and former Ford aide broke rules with Greenbelt clients, ethics watchdog says",theglobeandmail.com,https://www.theglobeandmail.com/canada/article-greenbelt-ontario-ford-integrity-commissioner-report/,Revolving Door,Amin Massoudi,Atlas Strategic Advisors,2023-2025,Office of the Premier of Ontario,2018-2022,Ontario,0,glm-5,v7,2026-07-31T16:17:17.049545+00:00
revolving_door_ca,revolving_door_ca:43ee732191bbe3dd824d24435d3da6737070520f881a3bd4e1105b042699a09a:v7:00,43ee732191bbe3dd824d24435d3da6737070520f881a3bd4e1105b042699a09a,https://www.thespec.com/politics/provincial/ex-doug-ford-aide-failed-to-comply-with-lobbying-rules-in-push-to-remove-greenbelt/article_dcc8f9e2-afe6-5daf-9d72-6af19247ddbc.html,www.thespec.com,2025-03-31,thespec.com,Ex-Doug Ford aide ‘failed to comply’ with lobbying rules in push to remove Greenbelt land: watchdog,thespec.com,https://www.thespec.com/politics/provincial/ex-doug-ford-aide-failed-to-comply-with-lobbying-rules-in-push-to-remove-greenbelt/article_dcc8f9e2-afe6-5daf-9d72-6af19247ddbc.html,Revolving Door,Nico Fidani-Diker,ONpoint Strategy Group,2022-2025,Office of the Premier of Ontario,2018-2022,Ontario,0,glm-5,v7,2026-07-31T16:17:17.049545+00:00
revolving_door_ca,revolving_door_ca:43ee732191bbe3dd824d24435d3da6737070520f881a3bd4e1105b042699a09a:v7:01,43ee732191bbe3dd824d24435d3da6737070520f881a3bd4e1105b042699a09a,https://www.thespec.com/politics/provincial/ex-doug-ford-aide-failed-to-comply-with-lobbying-rules-in-push-to-remove-greenbelt/article_dcc8f9e2-afe6-5daf-9d72-6af19247ddbc.html,www.thespec.com,2025-03-31,thespec.com,Ex-Doug Ford aide ‘failed to comply’ with lobbying rules in push to remove Greenbelt land: watchdog,thespec.com,https://www.thespec.com/politics/provincial/ex-doug-ford-aide-failed-to-comply-with-lobbying-rules-in-push-to-remove-greenbelt/article_dcc8f9e2-afe6-5daf-9d72-6af19247ddbc.html,Revolving Door,Amin Massoudi,Atlas Strategic Advisors,2023-2025,Office of the Premier of Ontario,2018-2022,Ontario,0,glm-5,v7,2026-07-31T16:17:17.049545+00:00
revolving_door_ca,revolving_door_ca:b7d4dc224ad6a9cace57b580a22f49518192f54084d80e21005f0f6b2c7574d5:v7:00,b7d4dc224ad6a9cace57b580a22f49518192f54084d80e21005f0f6b2c7574d5,https://globalnews.ca/news/11106095/nico-finani-diker-greenbelt-lobbying/,globalnews.ca,2025-03-31,globalnews.ca,"Ontario lobbyist found to have violated rules, including relating to Greenbelt",globalnews.ca,https://globalnews.ca/news/11106095/nico-finani-diker-greenbelt-lobbying/,Revolving Door,Nico Fidani-Diker,ONpoint Strategy Group,2022-2025,Office of the Premier of Ontario,2018-2022,Ontario,0,glm-5,v7,2026-07-31T16:18:07.541661+00:00
revolving_door_ca,revolving_door_ca:fad6f866e559b3655bdd979f8a62538d6472a0a7593b3c451aaba145b2017844:v7:00,fad6f866e559b3655bdd979f8a62538d6472a0a7593b3c451aaba145b2017844,https://www.theglobeandmail.com/canada/article-ontario-premier-doug-ford-aide-amin-massoudi-lobbying-ethics/,www.theglobeandmail.com,2025-05-15,theglobeandmail.com,Former top Ford aide sanctioned by Ontario’s ethics watchdog for breaking lobbying rules,theglobeandmail.com,https://www.theglobeandmail.com/canada/article-ontario-premier-doug-ford-aide-amin-massoudi-lobbying-ethics/,Revolving Door,Amin Massoudi,Atlas Strategic Advisors,2022-2025,Office of the Premier of Ontario,2019-2022,Ontario,0,glm-5,v7,2026-07-31T16:18:07.541661+00:00
revolving_door_ca,revolving_door_ca:05ad5a949394a2ad7f38c37b297ad56b269205b13551856c39ef24f42c521f05:v7:00,05ad5a949394a2ad7f38c37b297ad56b269205b13551856c39ef24f42c521f05,https://www.thespec.com/politics/former-top-doug-ford-staffer-broke-lobbying-rules-integrity-commissioner-says/article_8cb3cf2a-f7a8-5f95-8b1e-f1cdb887a1d7.html,www.thespec.com,2025-05-16,thespec.com,"Former top Doug Ford staffer broke lobbying rules, integrity commissioner says",thespec.com,https://www.thespec.com/politics/former-top-doug-ford-staffer-broke-lobbying-rules-integrity-commissioner-says/article_8cb3cf2a-f7a8-5f95-8b1e-f1cdb887a1d7.html,Revolving Door,Amin Massoudi,Atlas Strategic Advisors,2022-2025,Office of the Premier of Ontario,2019-2022,Ontario,0,glm-5,v7,2026-07-31T16:18:07.541661+00:00
revolving_door_ca,revolving_door_ca:30315d972e256d749ec1b48f7e3e1a648ef1ac9715bc968f63057a1a7976e5a9:v7:00,30315d972e256d749ec1b48f7e3e1a648ef1ac9715bc968f63057a1a7976e5a9,https://www.theglobeandmail.com/canada/article-former-top-staffer-to-ontario-premier-doug-ford-broke-lobbying-rules/,www.theglobeandmail.com,2025-05-16,theglobeandmail.com,"Former top staffer to Ontario Premier Doug Ford broke lobbying rules, integrity commissioner says",theglobeandmail.com,https://www.theglobeandmail.com/canada/article-former-top-staffer-to-ontario-premier-doug-ford-broke-lobbying-rules/,Revolving Door,Amin Massoudi,Atlas Strategic Advisors,2022-2025,Office of the Premier of Ontario,2019-2022,Ontario,0,glm-5,v7,2026-07-31T16:18:07.541661+00:00
revolving_door_ca,revolving_door_ca:8df72043ab771429d31f0014908cb8d9452405d7db6bc0a28c4ffb85ba4deec4:v7:00,8df72043ab771429d31f0014908cb8d9452405d7db6bc0a28c4ffb85ba4deec4,https://globalnews.ca/news/11183445/ex-ford-staffer-broke-lobbying-rules-commissioner/,globalnews.ca,2025-05-16,globalnews.ca,Ex-Ford staffer broke lobbying rules: commissioner,globalnews.ca,https://globalnews.ca/news/11183445/ex-ford-staffer-broke-lobbying-rules-commissioner/,Revolving Door,Amin Massoudi,Atlas Strategic Advisors,2022-2025,Office of the Premier of Ontario,2019-2022,Ontario,0,glm-5,v7,2026-07-31T16:18:07.541661+00:00
revolving_door_ca,revolving_door_ca:678c864109bf021a8f8b956bc1b62eebd360064faf258efeae65218465902c6d:v7:00,678c864109bf021a8f8b956bc1b62eebd360064faf258efeae65218465902c6d,https://canadiandimension.com/articles/view/ontarios-costly-nuclear-folly,canadiandimension.com,2025-06-02,canadiandimension.com,Ontario’s costly nuclear folly,canadiandimension.com,https://canadiandimension.com/articles/view/ontarios-costly-nuclear-folly,Revolving Door,Todd Smith,CANDU Energy Inc.,2024-2025,Government of Ontario,2024-2024,Ontario,0,glm-5,v7,2026-07-31T16:08:14.757099+00:00
revolving_door_ca,revolving_door_ca:2504b10f5bf52ad1aab702dd13fef295e0530f1d959921c618c039169c608c35:v7:00,2504b10f5bf52ad1aab702dd13fef295e0530f1d959921c618c039169c608c35,https://www.wellandtribune.ca/news/ontario/michael-ford-former-mpp-and-premiers-nephew-registers-as-lobbyist-at-toronto-city-hall/article_51815b30-c4f0-58b5-9f0b-9cd13ea7c5d0.html,www.wellandtribune.ca,2025-07-08,wellandtribune.ca,"Michael Ford, former MPP and premier’s nephew, registers as lobbyist at Toronto city hall",wellandtribune.ca,https://www.wellandtribune.ca/news/ontario/michael-ford-former-mpp-and-premiers-nephew-registers-as-lobbyist-at-toronto-city-hall/article_51815b30-c4f0-58b5-9f0b-9cd13ea7c5d0.html,Revolving Door,Michael Ford,MDF Strategies,2025,Ministry of Citizenship and Multiculturalism of Ontario,2022-2025,Ontario,0,glm-5,v7,2026-07-31T16:18:07.541661+00:00
revolving_door_ca,revolving_door_ca:e25ce404db0c0a488c73d2916bc492c2a3a541735cee203eac9219457ff4580b:v7:00,e25ce404db0c0a488c73d2916bc492c2a3a541735cee203eac9219457ff4580b,https://www.theglobeandmail.com/politics/article-ethics-screen-carney-brookfield/,www.theglobeandmail.com,2025-07-11,theglobeandmail.com,Carney’s ethics filing shows more than 100 entities under conflict-of-interest screen,theglobeandmail.com,https://www.theglobeandmail.com/politics/article-ethics-screen-carney-brookfield/,Revolving Door,Mark Carney,Brookfield Asset Management Ltd.,,Prime Minister of Canada,2025-2025,Ontario,0,glm-5,v7,2026-07-31T16:10:12.907379+00:00
revolving_door_ca,revolving_door_ca:e25ce404db0c0a488c73d2916bc492c2a3a541735cee203eac9219457ff4580b:v7:01,e25ce404db0c0a488c73d2916bc492c2a3a541735cee203eac9219457ff4580b,https://www.theglobeandmail.com/politics/article-ethics-screen-carney-brookfield/,www.theglobeandmail.com,2025-07-11,theglobeandmail.com,Carney’s ethics filing shows more than 100 entities under conflict-of-interest screen,theglobeandmail.com,https://www.theglobeandmail.com/politics/article-ethics-screen-carney-brookfield/,Revolving Door,Mark Carney,Stripe Inc.,,Prime Minister of Canada,2025-2025,Ontario,0,glm-5,v7,2026-07-31T16:10:12.907379+00:00
revolving_door_ca,revolving_door_ca:e25ce404db0c0a488c73d2916bc492c2a3a541735cee203eac9219457ff4580b:v7:02,e25ce404db0c0a488c73d2916bc492c2a3a541735cee203eac9219457ff4580b,https://www.theglobeandmail.com/politics/article-ethics-screen-carney-brookfield/,www.theglobeandmail.com,2025-07-11,theglobeandmail.com,Carney’s ethics filing shows more than 100 entities under conflict-of-interest screen,theglobeandmail.com,https://www.theglobeandmail.com/politics/article-ethics-screen-carney-brookfield/,Revolving Door,Mark Carney,PIMCO,,Prime Minister of Canada,2025-2025,Ontario,0,glm-5,v7,2026-07-31T16:10:12.907379+00:00
revolving_door_ca,revolving_door_ca:396e35aadfd3da98c088645ceb262211250c08590c867645c1397c8f8c39e740:v7:00,396e35aadfd3da98c088645ceb262211250c08590c867645c1397c8f8c39e740,https://www.wellandtribune.ca/news/canada/gambling-companies-hired-lobbyists-with-ties-to-alberta-government-in-influence-campaign/article_982bf543-0a59-53ec-8c14-81d3d8e66dbf.html,www.wellandtribune.ca,2025-08-22,wellandtribune.ca,Gambling companies hired lobbyists with ties to Alberta government in influence campaign,wellandtribune.ca,https://www.wellandtribune.ca/news/canada/gambling-companies-hired-lobbyists-with-ties-to-alberta-government-in-influence-campaign/article_982bf543-0a59-53ec-8c14-81d3d8e66dbf.html,Revolving Door,Eliza Snider,Hill & Knowlton,2025-2025,Alberta government,2025-2025,Alberta,0,glm-5,v7,2026-07-31T16:18:39.816486+00:00
revolving_door_ca,revolving_door_ca:396e35aadfd3da98c088645ceb262211250c08590c867645c1397c8f8c39e740:v7:01,396e35aadfd3da98c088645ceb262211250c08590c867645c1397c8f8c39e740,https://www.wellandtribune.ca/news/canada/gambling-companies-hired-lobbyists-with-ties-to-alberta-government-in-influence-campaign/article_982bf543-0a59-53ec-8c14-81d3d8e66dbf.html,www.wellandtribune.ca,2025-08-22,wellandtribune.ca,Gambling companies hired lobbyists with ties to Alberta government in influence campaign,wellandtribune.ca,https://www.wellandtribune.ca/news/canada/gambling-companies-hired-lobbyists-with-ties-to-alberta-government-in-influence-campaign/article_982bf543-0a59-53ec-8c14-81d3d8e66dbf.html,Revolving Door,Clancy Bouwman,Wellington Advocacy,2025-2025,Office of Premier Jason Kenney,2025-2025,Alberta,0,glm-5,v7,2026-07-31T16:18:39.816486+00:00
revolving_door_ca,revolving_door_ca:396e35aadfd3da98c088645ceb262211250c08590c867645c1397c8f8c39e740:v7:02,396e35aadfd3da98c088645ceb262211250c08590c867645c1397c8f8c39e740,https://www.wellandtribune.ca/news/canada/gambling-companies-hired-lobbyists-with-ties-to-alberta-government-in-influence-campaign/article_982bf543-0a59-53ec-8c14-81d3d8e66dbf.html,www.wellandtribune.ca,2025-08-22,wellandtribune.ca,Gambling companies hired lobbyists with ties to Alberta government in influence campaign,wellandtribune.ca,https://www.wellandtribune.ca/news/canada/gambling-companies-hired-lobbyists-with-ties-to-alberta-government-in-influence-campaign/article_982bf543-0a59-53ec-8c14-81d3d8e66dbf.html,Revolving Door,Brad Tennant,Wellington Advocacy,2025-2025,United Conservative Party,2025-2025,Alberta,0,glm-5,v7,2026-07-31T16:18:39.816486+00:00
revolving_door_ca,revolving_door_ca:396e35aadfd3da98c088645ceb262211250c08590c867645c1397c8f8c39e740:v7:03,396e35aadfd3da98c088645ceb262211250c08590c867645c1397c8f8c39e740,https://www.wellandtribune.ca/news/canada/gambling-companies-hired-lobbyists-with-ties-to-alberta-government-in-influence-campaign/article_982bf543-0a59-53ec-8c14-81d3d8e66dbf.html,www.wellandtribune.ca,2025-08-22,wellandtribune.ca,Gambling companies hired lobbyists with ties to Alberta government in influence campaign,wellandtribune.ca,https://www.wellandtribune.ca/news/canada/gambling-companies-hired-lobbyists-with-ties-to-alberta-government-in-influence-campaign/article_982bf543-0a59-53ec-8c14-81d3d8e66dbf.html,Revolving Door,Ashley Wilde,Wellington Advocacy,2025-2025,United Conservative Party,2025-2025,Alberta,0,glm-5,v7,2026-07-31T16:18:39.816486+00:00
revolving_door_ca,revolving_door_ca:396e35aadfd3da98c088645ceb262211250c08590c867645c1397c8f8c39e740:v7:04,396e35aadfd3da98c088645ceb262211250c08590c867645c1397c8f8c39e740,https://www.wellandtribune.ca/news/canada/gambling-companies-hired-lobbyists-with-ties-to-alberta-government-in-influence-campaign/article_982bf543-0a59-53ec-8c14-81d3d8e66dbf.html,www.wellandtribune.ca,2025-08-22,wellandtribune.ca,Gambling companies hired lobbyists with ties to Alberta government in influence campaign,wellandtribune.ca,https://www.wellandtribune.ca/news/canada/gambling-companies-hired-lobbyists-with-ties-to-alberta-government-in-influence-campaign/article_982bf543-0a59-53ec-8c14-81d3d8e66dbf.html,Revolving Door,Nick Koolsbergen,Wellington Advocacy,2025-2025,Office of Premier Jason Kenney,2025-2025,Alberta,0,glm-5,v7,2026-07-31T16:18:39.816486+00:00
revolving_door_ca,revolving_door_ca:396e35aadfd3da98c088645ceb262211250c08590c867645c1397c8f8c39e740:v7:05,396e35aadfd3da98c088645ceb262211250c08590c867645c1397c8f8c39e740,https://www.wellandtribune.ca/news/canada/gambling-companies-hired-lobbyists-with-ties-to-alberta-government-in-influence-campaign/article_982bf543-0a59-53ec-8c14-81d3d8e66dbf.html,www.wellandtribune.ca,2025-08-22,wellandtribune.ca,Gambling companies hired lobbyists with ties to Alberta government in influence campaign,wellandtribune.ca,https://www.wellandtribune.ca/news/canada/gambling-companies-hired-lobbyists-with-ties-to-alberta-government-in-influence-campaign/article_982bf543-0a59-53ec-8c14-81d3d8e66dbf.html,Revolving Door,Peter Csillag,Wellington Advocacy,2025-2025,United Conservative Party Caucus,2017-2019,Alberta,0,glm-5,v7,2026-07-31T16:18:39.816486+00:00
revolving_door_ca,revolving_door_ca:396e35aadfd3da98c088645ceb262211250c08590c867645c1397c8f8c39e740:v7:06,396e35aadfd3da98c088645ceb262211250c08590c867645c1397c8f8c39e740,https://www.wellandtribune.ca/news/canada/gambling-companies-hired-lobbyists-with-ties-to-alberta-government-in-influence-campaign/article_982bf543-0a59-53ec-8c14-81d3d8e66dbf.html,www.wellandtribune.ca,2025-08-22,wellandtribune.ca,Gambling companies hired lobbyists with ties to Alberta government in influence campaign,wellandtribune.ca,https://www.wellandtribune.ca/news/canada/gambling-companies-hired-lobbyists-with-ties-to-alberta-government-in-influence-campaign/article_982bf543-0a59-53ec-8c14-81d3d8e66dbf.html,Revolving Door,Lucas Robertson,Wellington Advocacy,2025-2025,United Conservative Party Caucus,2025-2025,Alberta,0,glm-5,v7,2026-07-31T16:18:39.816486+00:00
revolving_door_ca,revolving_door_ca:396e35aadfd3da98c088645ceb262211250c08590c867645c1397c8f8c39e740:v7:07,396e35aadfd3da98c088645ceb262211250c08590c867645c1397c8f8c39e740,https://www.wellandtribune.ca/news/canada/gambling-companies-hired-lobbyists-with-ties-to-alberta-government-in-influence-campaign/article_982bf543-0a59-53ec-8c14-81d3d8e66dbf.html,www.wellandtribune.ca,2025-08-22,wellandtribune.ca,Gambling companies hired lobbyists with ties to Alberta government in influence campaign,wellandtribune.ca,https://www.wellandtribune.ca/news/canada/gambling-companies-hired-lobbyists-with-ties-to-alberta-government-in-influence-campaign/article_982bf543-0a59-53ec-8c14-81d3d8e66dbf.html,Revolving Door,Ethan Lecavalier-Kidney,Wellington Advocacy,2025-2025,Office of the Minister of Finance of Alberta,2025-2025,Alberta,0,glm-5,v7,2026-07-31T16:18:39.816486+00:00
revolving_door_ca,revolving_door_ca:29615fdc9e178c718823190685a47d4d287c59a672db0f115eeda39db14a5a54:v7:00,29615fdc9e178c718823190685a47d4d287c59a672db0f115eeda39db14a5a54,https://www.theglobeandmail.com/canada/article-ontario-premier-doug-ford-legislature-returns-opposition-parties/,www.theglobeandmail.com,2025-10-17,theglobeandmail.com,"Ford set to face questions on jobs, conflict-of-interest allegations as legislature resumes",theglobeandmail.com,https://www.theglobeandmail.com/canada/article-ontario-premier-doug-ford-legislature-returns-opposition-parties/,Revolving Door,Laryssa Waler,Henley Strategies,2025-2025,Office of the Premier of Ontario,,Ontario,0,glm-5,v7,2026-07-31T16:10:12.907379+00:00
revolving_door_ca,revolving_door_ca:29615fdc9e178c718823190685a47d4d287c59a672db0f115eeda39db14a5a54:v7:01,29615fdc9e178c718823190685a47d4d287c59a672db0f115eeda39db14a5a54,https://www.theglobeandmail.com/canada/article-ontario-premier-doug-ford-legislature-returns-opposition-parties/,www.theglobeandmail.com,2025-10-17,theglobeandmail.com,"Ford set to face questions on jobs, conflict-of-interest allegations as legislature resumes",theglobeandmail.com,https://www.theglobeandmail.com/canada/article-ontario-premier-doug-ford-legislature-returns-opposition-parties/,Revolving Door,Erin Morrison,Texture Communications,2025-2025,Ontario NDP,,Ontario,0,glm-5,v7,2026-07-31T16:10:12.907379+00:00
revolving_door_ca,revolving_door_ca:29615fdc9e178c718823190685a47d4d287c59a672db0f115eeda39db14a5a54:v7:02,29615fdc9e178c718823190685a47d4d287c59a672db0f115eeda39db14a5a54,https://www.theglobeandmail.com/canada/article-ontario-premier-doug-ford-legislature-returns-opposition-parties/,www.theglobeandmail.com,2025-10-17,theglobeandmail.com,"Ford set to face questions on jobs, conflict-of-interest allegations as legislature resumes",theglobeandmail.com,https://www.theglobeandmail.com/canada/article-ontario-premier-doug-ford-legislature-returns-opposition-parties/,Revolving Door,Scott Reid,Feschuk.Reid,2025-2025,Office of the Prime Minister of Canada,,Ontario,0,glm-5,v7,2026-07-31T16:10:12.907379+00:00
revolving_door_ca,revolving_door_ca:104c1f2e932a6d7761bfd3b3f9604c6ea22f23d2b9f4e6b19caed7921bc46c9c:v7:00,104c1f2e932a6d7761bfd3b3f9604c6ea22f23d2b9f4e6b19caed7921bc46c9c,https://www.wellandtribune.ca/news/canada/canada-s-spy-agency-now-shares-intel-with-corporations-thanks-to-a-push-from-tc/article_eb1a63aa-2775-5f97-87a6-9ea1e447e519.html,www.wellandtribune.ca,2025-10-23,wellandtribune.ca,Canada’s spy agency now shares intel with corporations — thanks to a push from TC Energy,wellandtribune.ca,https://www.wellandtribune.ca/news/canada/canada-s-spy-agency-now-shares-intel-with-corporations-thanks-to-a-push-from-tc/article_eb1a63aa-2775-5f97-87a6-9ea1e447e519.html,Revolving Door,David Vigneault,Strider,2025,Canadian Security Intelligence Service,2024,Ontario,0,glm-5,v7,2026-07-31T16:10:33.818233+00:00
revolving_door_ca,revolving_door_ca:124ae324c84afa676ef34001763b464976db501c316f726397e80689480c450a:v7:00,124ae324c84afa676ef34001763b464976db501c316f726397e80689480c450a,https://www.theglobeandmail.com/business/article-nalagx-eurenco-military-explosives-factory-in-canada/,www.theglobeandmail.com,2025-11-18,theglobeandmail.com,New Canadian firm and France’s Eurenco plan explosives factory in Canada to meet NATO demand,theglobeandmail.com,https://www.theglobeandmail.com/business/article-nalagx-eurenco-military-explosives-factory-in-canada/,Revolving Door,Patrick Gagnon,The Parliamentary Group,2025,Parliament of Canada,,Ontario,0,glm-5,v7,2026-07-31T16:10:33.818233+00:00
revolving_door_ca,revolving_door_ca:1e6ce75f81133ba6a3680cfeaefb891eda15437829170d7941fdaf5744e95d29:v7:00,1e6ce75f81133ba6a3680cfeaefb891eda15437829170d7941fdaf5744e95d29,https://www.wellandtribune.ca/news/canada/alberta-s-cop30-delegate-is-a-former-oil-industry-lobbyist/article_d489d0d9-d8b4-5909-b258-d38d4504c6ef.html,www.wellandtribune.ca,2025-11-19,wellandtribune.ca,Alberta’s COP30 delegate is a former oil industry lobbyist,wellandtribune.ca,https://www.wellandtribune.ca/news/canada/alberta-s-cop30-delegate-is-a-former-oil-industry-lobbyist/article_d489d0d9-d8b4-5909-b258-d38d4504c6ef.html,Revolving Door,Patrick McDonald,Canadian Association of Petroleum Producers,2014-2024,Alberta Ministry of Environment and Protected Areas,2024-2025,Alberta,0,glm-5,v7,2026-07-31T16:18:39.816486+00:00
revolving_door_ca,revolving_door_ca:940ca2fa82d64144dcb8ecfe63bd0340cbe2c4e9d8b50e6b9244b7258016e888:v7:00,940ca2fa82d64144dcb8ecfe63bd0340cbe2c4e9d8b50e6b9244b7258016e888,https://www.winnipegfreepress.com/breakingnews/2025/12/12/digging-in-2,www.winnipegfreepress.com,2025-12-12,winnipegfreepress.com,"Despite local opposition, political scandal and government rejection, Sio Silica continues pursuit of sand-mine approval",winnipegfreepress.com,https://www.winnipegfreepress.com/breakingnews/2025/12/12/digging-in-2,Revolving Door,Carla Devlin,Sio Silica,2024-2025,East St. Paul,2024-2025,Manitoba,0,glm-5,v7,2026-07-31T16:11:11.556593+00:00
revolving_door_ca,revolving_door_ca:940ca2fa82d64144dcb8ecfe63bd0340cbe2c4e9d8b50e6b9244b7258016e888:v7:01,940ca2fa82d64144dcb8ecfe63bd0340cbe2c4e9d8b50e6b9244b7258016e888,https://www.winnipegfreepress.com/breakingnews/2025/12/12/digging-in-2,www.winnipegfreepress.com,2025-12-12,winnipegfreepress.com,"Despite local opposition, political scandal and government rejection, Sio Silica continues pursuit of sand-mine approval",winnipegfreepress.com,https://www.winnipegfreepress.com/breakingnews/2025/12/12/digging-in-2,Revolving Door,Shandy Walls,Sio Silica,2021-2025,Springfield Council,2014-2018,Manitoba,0,glm-5,v7,2026-07-31T16:11:11.556593+00:00
revolving_door_ca,revolving_door_ca:036dd3f33d3d3232eec4c350f8443fcc26927483176ffade79493058f45d58be:v7:00,036dd3f33d3d3232eec4c350f8443fcc26927483176ffade79493058f45d58be,https://www.theglobeandmail.com/business/article-tim-hodgson-energy-minister-bay-street-deals/,www.theglobeandmail.com,2025-12-20,theglobeandmail.com,"Meet Tim Hodgson, the unconventional Energy Minister with a Bay Street eye for deals",theglobeandmail.com,https://www.theglobeandmail.com/business/article-tim-hodgson-energy-minister-bay-street-deals/,Revolving Door,Tim Hodgson,Goldman Sachs,,Energy and Natural Resources Canada,2025-2025,Ontario,0,glm-5,v7,2026-07-31T16:11:11.556593+00:00
revolving_door_ca,revolving_door_ca:036dd3f33d3d3232eec4c350f8443fcc26927483176ffade79493058f45d58be:v7:01,036dd3f33d3d3232eec4c350f8443fcc26927483176ffade79493058f45d58be,https://www.theglobeandmail.com/business/article-tim-hodgson-energy-minister-bay-street-deals/,www.theglobeandmail.com,2025-12-20,theglobeandmail.com,"Meet Tim Hodgson, the unconventional Energy Minister with a Bay Street eye for deals",theglobeandmail.com,https://www.theglobeandmail.com/business/article-tim-hodgson-energy-minister-bay-street-deals/,Revolving Door,Tim Hodgson,Alignvest Management Corp.,,Energy and Natural Resources Canada,2025-2025,Ontario,0,glm-5,v7,2026-07-31T16:11:11.556593+00:00
revolving_door_ca,revolving_door_ca:036dd3f33d3d3232eec4c350f8443fcc26927483176ffade79493058f45d58be:v7:02,036dd3f33d3d3232eec4c350f8443fcc26927483176ffade79493058f45d58be,https://www.theglobeandmail.com/business/article-tim-hodgson-energy-minister-bay-street-deals/,www.theglobeandmail.com,2025-12-20,theglobeandmail.com,"Meet Tim Hodgson, the unconventional Energy Minister with a Bay Street eye for deals",theglobeandmail.com,https://www.theglobeandmail.com/business/article-tim-hodgson-energy-minister-bay-street-deals/,Revolving Door,Tim Hodgson,Hydro One Ltd.,,Energy and Natural Resources Canada,2025-2025,Ontario,0,glm-5,v7,2026-07-31T16:11:11.556593+00:00
revolving_door_ca,revolving_door_ca:036dd3f33d3d3232eec4c350f8443fcc26927483176ffade79493058f45d58be:v7:03,036dd3f33d3d3232eec4c350f8443fcc26927483176ffade79493058f45d58be,https://www.theglobeandmail.com/business/article-tim-hodgson-energy-minister-bay-street-deals/,www.theglobeandmail.com,2025-12-20,theglobeandmail.com,"Meet Tim Hodgson, the unconventional Energy Minister with a Bay Street eye for deals",theglobeandmail.com,https://www.theglobeandmail.com/business/article-tim-hodgson-energy-minister-bay-street-deals/,Revolving Door,Tim Hodgson,MEG Energy Corp.,,Energy and Natural Resources Canada,2025-2025,Ontario,0,glm-5,v7,2026-07-31T16:11:11.556593+00:00
revolving_door_ca,revolving_door_ca:036dd3f33d3d3232eec4c350f8443fcc26927483176ffade79493058f45d58be:v7:04,036dd3f33d3d3232eec4c350f8443fcc26927483176ffade79493058f45d58be,https://www.theglobeandmail.com/business/article-tim-hodgson-energy-minister-bay-street-deals/,www.theglobeandmail.com,2025-12-20,theglobeandmail.com,"Meet Tim Hodgson, the unconventional Energy Minister with a Bay Street eye for deals",theglobeandmail.com,https://www.theglobeandmail.com/business/article-tim-hodgson-energy-minister-bay-street-deals/,Revolving Door,Tim Hodgson,Goldman Sachs,,Bank of Canada,,Ontario,0,glm-5,v7,2026-07-31T16:11:11.556593+00:00
revolving_door_ca,revolving_door_ca:036dd3f33d3d3232eec4c350f8443fcc26927483176ffade79493058f45d58be:v7:05,036dd3f33d3d3232eec4c350f8443fcc26927483176ffade79493058f45d58be,https://www.theglobeandmail.com/business/article-tim-hodgson-energy-minister-bay-street-deals/,www.theglobeandmail.com,2025-12-20,theglobeandmail.com,"Meet Tim Hodgson, the unconventional Energy Minister with a Bay Street eye for deals",theglobeandmail.com,https://www.theglobeandmail.com/business/article-tim-hodgson-energy-minister-bay-street-deals/,Revolving Door,Dawn Farrell,,,Major Projects Office,2025-2025,Alberta,0,glm-5,v7,2026-07-31T16:11:11.556593+00:00
